pref_name,SMILES,molecule_chembl_id,first_approval,molecule_type,indication_class,polymer_flag,withdrawn_flag,inorganic_flag,therapeutic_flag,natural_product,oral,parenteral,topical,mw
AMMONIUM LACTATE,CC(O)C(=O)O.N,CHEMBL1200747,1985.0,Small molecule,Antipruritic (topical),0,False,0,True,0,False,False,True,107.058243148
SEVELAMER,C=CCN.ClCC1CO1,CHEMBL1201798,2007.0,Small molecule,,0,False,0,True,0,True,False,False,149.060741684
MESNA,O=S(=O)([O-])CCS.[Na+],CHEMBL975,1988.0,Small molecule,Detoxifying Agent,0,False,0,True,0,True,True,False,163.9577803
MERCAPTOPURINE,O.S=c1[nH]cnc2nc[nH]c12,CHEMBL1200751,1953.0,Small molecule,Antineoplastic,0,False,0,True,0,True,False,False,170.026231812
CARBACHOL,C[N+](C)(C)CCOC(N)=O.[Cl-],CHEMBL14,1972.0,Small molecule,Cholinergic (ophthalmic),0,False,0,True,0,False,True,False,182.0822054
ALUMINUM ACETATE,CC(=O)[O-].CC(=O)[O-].CC(=O)[O-].[Al+3],CHEMBL1201015,1976.0,Small molecule,Astringent,0,False,0,True,0,False,False,True,204.021451638
AMIFAMPRIDINE PHOSPHATE,Nc1ccncc1N.O=P(O)(O)O,CHEMBL3301611,2018.0,Small molecule,,0,False,0,True,0,True,False,False,207.04089243
LITHIUM CITRATE,O=C([O-])CC(O)(CC(=O)[O-])C(=O)[O-].[Li+].[Li+].[Li+],CHEMBL1201170,1980.0,Small molecule,Antimanic,0,False,0,True,0,True,False,False,210.05154115
SEVELAMER CARBONATE,C=CCN.ClCC1CO1.O=C(O)O,CHEMBL1201799,2007.0,Small molecule,,0,False,0,True,0,True,False,False,211.061135608
CYSTEAMINE BITARTRATE,NCCS.O=C(O)C(O)C(O)C(=O)O,CHEMBL2062263,1994.0,Small molecule,,0,False,0,True,0,True,False,False,227.046358136
AMPHETAMINE SULFATE,CC(N)Cc1ccccc1.O=S(=O)(O)O,CHEMBL501,1960.0,Small molecule,Stimulant (central),0,False,0,True,0,True,False,False,233.07217896
PHENELZINE SULFATE,NNCCc1ccccc1.O=S(=O)(O)O,CHEMBL1200895,1961.0,Small molecule,Antidepressant,0,False,0,True,0,True,False,False,234.067427928
CARBIDOPA,C[C@@](Cc1ccc(O)c(O)c1)(NN)C(=O)O.O,CHEMBL1200748,1975.0,Small molecule,Inhibitor (decarboxylase),0,False,0,True,0,True,False,False,244.105921612
MAFENIDE ACETATE,CC(=O)O.NCc1ccc(S(N)(=O)=O)cc1,CHEMBL1201161,1969.0,Small molecule,"Anti-Infective, Topical",0,False,0,True,0,False,False,True,246.067427928
THEOPHYLLINE GLYCINATE,Cn1c(=O)c2[nH]cnc2n(C)c1=O.NCC(=O)O,CHEMBL1208646,1982.0,Small molecule,Relaxant (smooth muscle),0,False,0,True,1,True,False,False,255.096753896
FOSFOMYCIN TROMETHAMINE,C[C@@H]1O[C@@H]1P(=O)(O)O.NC(CO)(CO)CO,CHEMBL1200331,1996.0,Small molecule,Antibacterial,0,False,0,True,0,True,False,False,259.082088546
PINACIDIL,CC(N/C(=N\C#N)Nc1ccncc1)C(C)(C)C.O,CHEMBL1200338,1989.0,Small molecule,Antihypertensive,0,False,0,True,0,True,False,False,263.174610292
TRANYLCYPROMINE,N[C@@H]1C[C@H]1c1ccccc1.N[C@H]1C[C@@H]1c1ccccc1,CHEMBL3989843,1961.0,Small molecule,,0,False,0,True,0,True,False,False,266.178298704
RASAGILINE MESYLATE,C#CCN[C@@H]1CCc2ccccc21.CS(=O)(=O)O,CHEMBL1201142,2006.0,Small molecule,Antiparkinsonian,0,False,0,True,0,True,False,False,267.092914404
AMPHETAMINE ASPARTATE,CC(N)Cc1ccccc1.NC(CC(=O)O)C(=O)O,CHEMBL1200377,1996.0,Small molecule,,0,False,0,True,0,True,False,False,268.14230712
INAMRINONE LACTATE,CC(O)C(=O)O.Nc1cc(-c2ccncc2)c[nH]c1=O,CHEMBL2096642,1984.0,Small molecule,,0,False,0,True,0,False,True,False,277.10625596
CYCLOPHOSPHAMIDE,O.O=P1(N(CCCl)CCCl)NCCCO1,CHEMBL1200796,1959.0,Small molecule,Immunosuppressant; Antineoplastic,0,False,0,True,0,True,True,False,278.035384394
DEXTROAMPHETAMINE ADIPATE,C[C@H](N)Cc1ccccc1.O=C(O)CCCCC(=O)O,CHEMBL1200782,1975.0,Small molecule,,0,False,0,True,0,True,False,False,281.162708216
AMPHETAMINE ADIPATE,CC(N)Cc1ccccc1.O=C(O)CCCCC(=O)O,CHEMBL1200387,1975.0,Small molecule,,0,False,0,True,0,True,False,False,281.162708216
LITHIUM CITRATE,O.O.O.O.O=C([O-])CC(O)(CC(=O)[O-])C(=O)[O-].[Li+].[Li+].[Li+],CHEMBL2103738,1980.0,Small molecule,Antimanic,0,False,0,True,0,True,False,False,282.09379988600006
OXTRIPHYLLINE,C[N+](C)(C)CCO.Cn1c(=O)c2[n-]cnc2n(C)c1=O,CHEMBL1200434,1981.0,Small molecule,Bronchodilator,0,False,0,True,1,True,False,False,283.164439532
GUANABENZ ACETATE,CC(=O)O.N=C(N)N/N=C/c1c(Cl)cccc1Cl,CHEMBL1200560,1982.0,Small molecule,Antihypertensive,0,False,0,True,0,True,False,False,290.033730984
GUANETHIDINE MONOSULFATE,N=C(N)NCCN1CCCCCCC1.O=S(=O)(O)O,CHEMBL1345,1960.0,Small molecule,Antihypertensive,0,False,0,True,0,True,False,False,296.15182624799996
PIRBUTEROL ACETATE,CC(=O)O.CC(C)(C)NCC(O)c1ccc(O)c(CO)n1,CHEMBL1200444,1986.0,Small molecule,Bronchodilator,0,False,0,True,0,False,False,True,300.168521868
MILRINONE LACTATE,CC(O)C(=O)O.Cc1[nH]c(=O)c(C#N)cc1-c1ccncc1,CHEMBL1200977,1987.0,Small molecule,,0,False,0,True,0,False,True,False,301.10625596000006
HISTAMINE PHOSPHATE,NCCc1c[nH]cn1.O=P(O)(O)O.O=P(O)(O)O,CHEMBL3989520,1939.0,Small molecule,,0,False,0,True,0,False,True,False,307.0334377
IMIPENEM,C[C@@H](O)[C@H]1C(=O)N2C(C(=O)O)=C(SCCNC=N)C[C@H]12.O,CHEMBL43708,1985.0,Small molecule,Antibacterial,0,False,0,True,1,False,True,False,317.104541708
METARAMINOL BITARTRATE,C[C@H](N)[C@H](O)c1cccc(O)c1.O=C(O)C(O)C(O)C(=O)O,CHEMBL2062262,1954.0,Small molecule,Adrenergic,0,False,0,True,0,False,True,False,317.111066568
PHENYLEPHRINE BITARTRATE,CNC[C@H](O)c1cccc(O)c1.O=C(O)C(O)C(O)C(=O)O,CHEMBL2062264,1973.0,Small molecule,,0,False,0,True,0,False,False,True,317.111066568
METHENAMINE HIPPURATE,C1N2CN3CN1CN(C2)C3.O=C(O)CNC(=O)c1ccccc1,CHEMBL1201104,1967.0,Small molecule,Antibacterial (urinary),0,False,0,True,0,True,False,False,319.164439532
OSILODROSTAT PHOSPHATE,N#Cc1ccc([C@H]2CCc3cncn32)c(F)c1.O=P(O)(O)O,CHEMBL3707393,2020.0,Small molecule,,0,False,0,True,0,True,False,False,325.06277074599996
EPINEPHRINE BITARTRATE,CNC[C@H](O)c1ccc(O)c(O)c1.O=C(O)C(O)C(O)C(=O)O,CHEMBL1256958,1965.0,Small molecule,Adrenergic (ophthalmic),0,False,0,True,0,False,True,True,333.105981188
NEOSTIGMINE METHYLSULFATE,CN(C)C(=O)Oc1cccc([N+](C)(C)C)c1.COS(=O)(=O)[O-],CHEMBL211471,2013.0,Small molecule,Cholinergic,0,False,0,True,0,False,True,False,334.1198574239999
ISOETHARINE MESYLATE,CCC(NC(C)C)C(O)c1ccc(O)c(O)c1.CS(=O)(=O)O,CHEMBL1201153,1984.0,Small molecule,Bronchodilator,0,False,0,True,0,False,False,True,335.1402585199999
NOREPINEPHRINE BITARTRATE,NC[C@H](O)c1ccc(O)c(O)c1.O.O=C(O)C(O)C(O)C(=O)O,CHEMBL1434513,1950.0,Small molecule,,0,False,0,True,0,False,True,False,337.10089580799996
PHENDIMETRAZINE TARTRATE,C[C@H]1[C@H](c2ccccc2)OCCN1C.O=C(O)C(O)C(O)C(=O)O,CHEMBL2062163,1976.0,Small molecule,,0,False,0,True,0,True,False,False,341.1474520759999
OXYPHENBUTAZONE,CCCCC1C(=O)N(c2ccccc2)N(c2ccc(O)cc2)C1=O.O,CHEMBL3989676,1960.0,Small molecule,,0,True,0,True,0,True,False,False,342.15795718399994
ETHANOLAMINE OLEATE,CCCCCCCC/C=C\CCCCCCCC(=O)O.NCCO,CHEMBL3989529,1988.0,Small molecule,,0,False,0,True,0,False,True,False,343.308644172
DEXTROAMPHETAMINE SACCHARATE,C[C@H](N)Cc1ccccc1.O=C(O)[C@@H](O)[C@@H](O)[C@H](O)[C@@H](O)C(=O)O,CHEMBL3989844,1996.0,Small molecule,,0,False,0,True,0,True,False,False,345.14236669599995
IBUPROFEN LYSINE,CC(C)Cc1ccc(C(C)C(=O)O)cc1.NCCCC[C@H](N)C(=O)O,CHEMBL1201141,2006.0,Small molecule,,0,False,0,True,0,False,True,False,352.236207504
"SULFADIAZINE, SILVER",Nc1ccc(S(=O)(=O)[N-]c2ncccn2)cc1.[Ag+],CHEMBL1382627,1973.0,Small molecule,"Anti-Infective, Topical",0,False,0,True,0,False,False,True,355.949718528
PHENIRAMINE MALEATE,CN(C)CCC(c1ccccc1)c1ccccn1.O=C(O)/C=C\C(=O)O,CHEMBL1653,1994.0,Small molecule,,0,False,0,True,0,False,False,True,356.17360724799994
CYCLIZINE LACTATE,CC(O)C(=O)O.CN1CCN(C(c2ccccc2)c2ccccc2)CC1,CHEMBL1200497,1982.0,Small molecule,Antinauseant,0,False,0,True,0,False,True,False,356.209992756
VARENICLINE TARTRATE,O=C(O)C(O)C(O)C(=O)O.c1cnc2cc3c(cc2n1)C1CNCC3C1,CHEMBL2062259,2006.0,Small molecule,,0,False,0,True,0,True,False,False,361.12738532800006
ANTAZOLINE PHOSPHATE,O=P(O)(O)O.c1ccc(CN(CC2=NCCN2)c2ccccc2)cc1,CHEMBL1200550,1994.0,Small molecule,Antihistaminic,0,False,0,True,0,False,False,True,363.13479281400004
TRANYLCYPROMINE SULFATE,N[C@@H]1C[C@H]1c1ccccc1.N[C@H]1C[C@@H]1c1ccccc1.O=S(=O)(O)O,CHEMBL3989698,1961.0,Small molecule,,0,False,0,True,0,True,False,False,364.1456782479999
CEPHALEXIN,CC1=C(C(=O)O)N2C(=O)[C@@H](NC(=O)[C@H](N)c3ccccc3)[C@H]2SC1.O,CHEMBL1200544,1971.0,Small molecule,Antibacterial,0,False,0,True,1,True,False,False,365.10454170800006
RELEBACTAM,O.O=C(NC1CCNCC1)[C@@H]1CC[C@@H]2CN1C(=O)N2OS(=O)(=O)O,CHEMBL3301605,2019.0,Small molecule,,0,False,0,True,0,False,True,False,366.12092004399994
LORACARBEF,N[C@@H](C(=O)N[C@@H]1C(=O)N2C(C(=O)O)=C(Cl)CC[C@H]12)c1ccccc1.O,CHEMBL1200610,1991.0,Small molecule,Antibacterial,0,False,0,True,1,True,False,False,367.09349835599994
DEXTROAMPHETAMINE SULFATE,C[C@H](N)Cc1ccccc1.C[C@H](N)Cc1ccccc1.O=S(=O)(O)O,CHEMBL3544971,1960.0,Small molecule,Stimulant (central),0,False,0,True,0,True,False,False,368.1769783759999
SULFISOXAZOLE DIOLAMINE,Cc1noc(NS(=O)(=O)c2ccc(N)cc2)c1C.OCCNCCO,CHEMBL1200321,1982.0,Small molecule,Antibacterial,0,False,0,True,0,False,True,True,372.146740868
METHYLENE BLUE,CN(C)c1ccc2nc3ccc(=[N+](C)C)cc-3sc2c1.O.O.O.[Cl-],CHEMBL550495,2016.0,Small molecule,Antidote (to cyanide poisoning); Antimethemoglobinemic,0,False,0,True,0,False,True,False,373.1226903079999
PENTAZOCINE LACTATE,CC(C)=CCN1CCC2(C)c3cc(O)ccc3CC1C2C.CC(O)C(=O)O,CHEMBL3989509,1967.0,Small molecule,,0,False,0,True,0,False,True,False,375.24095853599994
KETOROLAC TROMETHAMINE,NC(CO)(CO)CO.O=C(c1ccccc1)c1ccc2n1CCC2C(=O)O,CHEMBL1201124,1989.0,Small molecule,Analgesic,0,False,0,True,0,True,True,True,376.16343648799995
PHENTOLAMINE MESYLATE,CS(=O)(=O)O.Cc1ccc(N(CC2=NCCN2)c2cccc(O)c2)cc1,CHEMBL1200873,1952.0,Small molecule,Anti-Adrenergic,0,False,0,True,0,False,True,False,377.140927216
FROVATRIPTAN SUCCINATE,CN[C@@H]1CCc2[nH]c3ccc(C(N)=O)cc3c2C1.O.O=C(O)CCC(=O)O,CHEMBL2138684,2001.0,Small molecule,,0,False,0,True,0,True,False,False,379.17433551999994
DESVENLAFAXINE SUCCINATE,CN(C)CC(c1ccc(O)cc1)C1(O)CCCCC1.O=C(O)CCC(=O)O,CHEMBL1201728,2008.0,Small molecule,,0,False,0,True,0,True,False,False,381.21513771199994
PERAMIVIR,CCC(CC)[C@H](NC(C)=O)[C@@H]1[C@H](O)[C@@H](C(=O)O)C[C@H]1NC(=N)N.O.O.O,CHEMBL3989402,2014.0,Small molecule,,0,False,0,True,0,False,True,False,382.24274942799997
ENALAPRILAT,C[C@H](N[C@@H](CCc1ccccc1)C(=O)O)C(=O)N1CCC[C@H]1C(=O)O.O.O,CHEMBL3989406,1988.0,Small molecule,,0,False,0,True,0,False,True,False,384.1896512359999
CEFACLOR,N[C@@H](C(=O)N[C@@H]1C(=O)N2C(C(=O)O)=C(Cl)CS[C@H]12)c1ccccc1.O,CHEMBL1201018,1979.0,Small molecule,Antibacterial,0,False,0,True,1,True,False,False,385.04991929199997
"CAFFEINE, CITRATED",Cn1c(=O)c2c(ncn2C)n(C)c1=O.O=C(O)CC(O)(CC(=O)O)C(=O)O,CHEMBL1200569,1999.0,Small molecule,,0,False,0,True,1,True,True,False,386.10737815599987
ATROPINE SULFATE,CN1[C@@H]2CC[C@H]1C[C@@H](OC(=O)C(CO)c1ccccc1)C2.O=S(=O)(O)O,CHEMBL2146146,1960.0,Small molecule,Anticholinergic (ophthalmic),0,False,0,True,0,True,True,True,387.13517313999995
DOXYLAMINE SUCCINATE,CN(C)CCOC(C)(c1ccccc1)c1ccccn1.O=C(O)CCC(=O)O,CHEMBL1200392,1948.0,Small molecule,Antihistaminic,0,False,0,True,0,True,False,False,388.1998219959999
ACRISORCIN,CCCCCCc1ccc(O)cc1O.Nc1c2ccccc2nc2ccccc12,CHEMBL1201038,1982.0,Small molecule,Antifungal,0,False,0,True,0,False,False,True,388.21507813600005
DIPHEMANIL METHYLSULFATE,COS(=O)(=O)[O-].C[N+]1(C)CCC(=C(c2ccccc2)c2ccccc2)CC1,CHEMBL1200880,1982.0,Small molecule,,0,False,0,True,0,True,False,False,389.166079344
CHLORPHENIRAMINE MALEATE,CN(C)CCC(c1ccc(Cl)cc1)c1ccccn1.O=C(O)/C=C\C(=O)O,CHEMBL1659,1950.0,Small molecule,Antihistaminic,0,False,0,True,0,True,True,False,390.1346348959999
DEXCHLORPHENIRAMINE MALEATE,CN(C)CC[C@@H](c1ccc(Cl)cc1)c1ccccn1.O=C(O)/C=C\C(=O)O,CHEMBL1200927,1981.0,Small molecule,Antihistaminic,0,False,0,True,0,True,False,False,390.1346348959999
DIETHYLCARBAMAZINE CITRATE,CCN(CC)C(=O)N1CCN(C)CC1.O=C(O)CC(O)(CC(=O)O)C(=O)O,CHEMBL937,1950.0,Small molecule,Anthelmintic,0,False,0,True,0,True,False,False,391.1954648879999
RIZATRIPTAN BENZOATE,CN(C)CCc1c[nH]c2ccc(Cn3cncn3)cc12.O=C(O)c1ccccc1,CHEMBL1201032,1998.0,Small molecule,Antimigraine,0,False,0,True,0,True,False,False,391.20082504
PERHEXILINE MALEATE,C1CCC(C(CC2CCCCN2)C2CCCCC2)CC1.O=C(O)/C=C\C(=O)O,CHEMBL1334033,1974.0,Small molecule,Vasodilator (coronary),0,True,0,True,0,False,False,False,393.28790872799993
GLYCOPYRROLATE,C[N+]1(C)CCC(OC(=O)C(O)(c2ccccc2)C2CCCC2)C1.[Br-],CHEMBL1201027,1961.0,Small molecule,Anticholinergic,0,False,0,True,0,True,True,True,397.125255856
DESVENLAFAXINE FUMARATE,CN(C)CC(c1ccc(O)cc1)C1(O)CCCCC1.O.O=C(O)/C=C/C(=O)O,CHEMBL3989861,2013.0,Small molecule,,0,False,0,True,0,True,False,False,397.2100523319999
SAFINAMIDE MESYLATE,CS(=O)(=O)O.C[C@H](NCc1ccc(OCc2cccc(F)c2)cc1)C(N)=O,CHEMBL48582,2017.0,Small molecule,,0,False,0,True,0,True,False,False,398.131171056
RIVASTIGMINE TARTRATE,CCN(C)C(=O)Oc1cccc([C@H](C)N(C)C)c1.O=C(O)C(O)C(O)C(=O)O,CHEMBL215645,2000.0,Small molecule,,0,False,0,True,0,True,False,False,400.1845658559999
FENOLDOPAM MESYLATE,CS(=O)(=O)O.Oc1ccc(C2CNCCc3c2cc(O)c(O)c3Cl)cc1,CHEMBL1026,1997.0,Small molecule,Dopamine Agonist; Antihypertensive,0,False,0,True,0,False,True,False,401.06998603999995
ASENAPINE MALEATE,CN1CC2c3ccccc3Oc3ccc(Cl)cc3C2C1.O=C(O)/C=C\C(=O)O,CHEMBL3544974,2009.0,Small molecule,,0,False,0,True,0,False,False,True,401.1030004199999
PYRILAMINE MALEATE,COc1ccc(CN(CCN(C)C)c2ccccn2)cc1.O=C(O)/C=C\C(=O)O,CHEMBL1201006,1973.0,Small molecule,Antihistaminic,0,False,0,True,0,True,False,True,401.1950709639999
BIPERIDEN LACTATE,CC(O)C(=O)O.OC(CCN1CCCCC1)(c1ccccc1)C1CC2C=CC1C2,CHEMBL1201067,1961.0,Small molecule,Antiparkinsonian; Anticholinergic,0,False,0,True,0,False,True,False,401.2566086
BENZTROPINE MESYLATE,CN1[C@@H]2CC[C@H]1C[C@@H](OC(c1ccccc1)c1ccccc1)C2.CS(=O)(=O)O,CHEMBL1200383,1954.0,Small molecule,Antiparkinsonian,0,False,0,True,0,True,True,False,403.18172940799997
RUXOLITINIB PHOSPHATE,N#CC[C@H](C1CCCC1)n1cc(-c2ncnc3[nH]ccc23)cn1.O=P(O)(O)O,CHEMBL1795071,2011.0,Small molecule,,0,False,0,True,0,True,False,False,404.1361897819999
CARBINOXAMINE MALEATE,CN(C)CCOC(c1ccc(Cl)cc1)c1ccccn1.O=C(O)/C=C\C(=O)O,CHEMBL1200974,2003.0,Small molecule,Antihistaminic,0,False,0,True,0,True,False,False,406.12954951599994
CEFPROZIL,CC=CC1=C(C(=O)O)N2C(=O)[C@@H](NC(=O)[C@H](N)c3ccc(O)cc3)[C@H]2SC1.O,CHEMBL3184906,1991.0,Small molecule,Antibacterial,0,False,0,True,1,True,False,False,407.115106392
GENTIAN VIOLET,CN(C)c1ccc(C(=C2C=CC(=[N+](C)C)C=C2)c2ccc(N(C)C)cc2)cc1.[Cl-],CHEMBL64894,1982.0,Small molecule,"Anti-Infective, Topical",0,True,0,True,0,False,False,True,407.21282564
REGADENOSON,CNC(=O)c1cnn(-c2nc(N)c3ncn([C@@H]4O[C@H](CO)[C@@H](O)[C@H]4O)c3n2)c1.O,CHEMBL3989695,2008.0,Small molecule,,0,False,0,True,1,False,True,False,408.1505803599999
DICLOFENAC EPOLAMINE,O=C(O)Cc1ccccc1Nc1c(Cl)cccc1Cl.OCCN1CCCC1,CHEMBL1201180,2007.0,Small molecule,,0,False,0,True,0,False,False,True,410.116397988
PERGOLIDE MESYLATE,CCCN1C[C@H](CSC)C[C@@H]2c3cccc4[nH]cc(c34)C[C@H]21.CS(=O)(=O)O,CHEMBL1275,1988.0,Small molecule,Dopamine Agonist,0,True,0,True,1,True,False,False,410.1697848199999
OSELTAMIVIR PHOSPHATE,CCOC(=O)C1=C[C@@H](OC(CC)CC)[C@H](NC(C)=O)[C@@H](N)C1.O=P(O)(O)O,CHEMBL1200340,1999.0,Small molecule,,0,False,0,True,0,True,False,False,410.18180258199993
TRIMIPRAMINE MALEATE,CC(CN(C)C)CN1c2ccccc2CCc2ccccc21.O=C(O)/C=C\C(=O)O,CHEMBL1200948,1979.0,Small molecule,Antidepressant,0,False,0,True,0,True,False,False,410.2205574399999
BRETYLIUM TOSYLATE,CC[N+](C)(C)Cc1ccccc1Br.Cc1ccc(S(=O)(=O)[O-])cc1,CHEMBL1095292,1986.0,Small molecule,Cardiac Depressant (anti-arrhythmic); Anti-Adrenergic,0,False,0,True,0,False,True,False,413.0660267279999
SUMATRIPTAN SUCCINATE,CNS(=O)(=O)Cc1ccc2[nH]cc(CCN(C)C)c2c1.O=C(O)CCC(=O)O,CHEMBL1201150,1992.0,Small molecule,Antimigraine,0,False,0,True,0,True,True,True,413.1620565839999
ESCITALOPRAM OXALATE,CN(C)CCC[C@@]1(c2ccc(F)cc2)OCc2cc(C#N)ccc21.O=C(O)C(=O)O,CHEMBL1200322,2002.0,Small molecule,,0,False,0,True,0,True,False,False,414.15910005599994
CODEINE PHOSPHATE,COc1ccc2c3c1O[C@H]1[C@@H](O)C=C[C@H]4[C@@H](C2)N(C)CC[C@@]341.O.O=P(O)(O)O,CHEMBL1201099,1952.0,Small molecule,Antitussive; Analgesic (narcotic),0,False,0,True,1,True,False,False,415.1396034219999
TEGASEROD MALEATE,CCCCCNC(=N)N/N=C/c1c[nH]c2ccc(OC)cc12.O=C(O)/C=C\C(=O)O,CHEMBL1516474,2002.0,Small molecule,,0,True,0,True,0,True,False,False,417.2012189639999
CALCIFEDIOL,C=C1CC[C@H](O)C/C1=C/C=C1\CCC[C@]2(C)[C@@H]([C@H](C)CCCC(C)(C)O)CC[C@@H]12.O,CHEMBL3544909,1980.0,Small molecule,Regulator (calcium),0,False,0,True,1,True,False,False,418.34469533199996
CLOPIDOGREL BISULFATE,COC(=O)[C@H](c1ccccc1Cl)N1CCc2sccc2C1.O=S(=O)(O)O,CHEMBL1083385,1997.0,Small molecule,Inhibitor (platelet),0,False,0,True,0,True,False,False,419.02640697599986
AMINOPHYLLINE,Cn1c(=O)c2[nH]cnc2n(C)c1=O.Cn1c(=O)c2[nH]cnc2n(C)c1=O.NCCN,CHEMBL1370561,1940.0,Small molecule,Relaxant (smooth muscle),0,False,0,True,1,True,True,True,420.1981992480001
CHOLINE FENOFIBRATE,CC(C)(Oc1ccc(C(=O)c2ccc(Cl)cc2)cc1)C(=O)[O-].C[N+](C)(C)CCO,CHEMBL1201745,2008.0,Small molecule,,0,False,0,True,0,True,False,False,421.16560067599994
MEPHENTERMINE SULFATE,CNC(C)(C)Cc1ccccc1.CNC(C)(C)Cc1ccccc1.O=S(=O)(O)O,CHEMBL3184799,1951.0,Small molecule,,0,False,0,True,0,False,True,False,424.2395786319999
KETOTIFEN FUMARATE,CN1CCC(=C2c3ccccc3CC(=O)c3sccc32)CC1.O=C(O)/C=C/C(=O)O,CHEMBL1633,1999.0,Small molecule,Anti-Asthmatic,0,False,0,True,0,False,False,True,425.12969383599994
PAROXETINE MESYLATE,CS(=O)(=O)O.Fc1ccc([C@@H]2CCNC[C@H]2COc2ccc3c(c2)OCO3)cc1,CHEMBL1200609,2003.0,Small molecule,,0,False,0,True,0,True,False,False,425.13083670799995
PSEUDOEPHEDRINE SULFATE,CN[C@@H](C)[C@@H](O)c1ccccc1.CN[C@@H](C)[C@@H](O)c1ccccc1.O=S(=O)(O)O,CHEMBL3989855,1963.0,Small molecule,,0,False,0,True,0,True,False,False,428.19810774399986
EPHEDRINE SULFATE,CN[C@@H](C)[C@H](O)c1ccccc1.CN[C@@H](C)[C@H](O)c1ccccc1.O=S(=O)(O)O,CHEMBL1523964,2016.0,Small molecule,Adrenergic,0,False,0,True,0,False,True,False,428.19810774399986
HEXOCYCLIUM METHYLSULFATE,COS(=O)(=O)[O-].C[N+]1(C)CCN(CC(O)(c2ccccc2)C2CCCCC2)CC1,CHEMBL1626570,1982.0,Small molecule,,0,False,0,True,0,True,False,False,428.234493252
TIMOLOL MALEATE,CC(C)(C)NC[C@H](O)COc1nsnc1N1CCOCC1.O=C(O)/C=C\C(=O)O,CHEMBL1200870,1978.0,Small molecule,Anti-Adrenergic (beta-receptor),0,False,0,True,0,True,False,True,432.1678702359999
HYDROXYCHLOROQUINE SULFATE,CCN(CCO)CCCC(C)Nc1ccnc2cc(Cl)ccc12.O=S(=O)(O)O,CHEMBL1690,1955.0,Small molecule,Antimalarial; Suppressant (lupus erythematosus),0,False,0,True,0,True,False,False,433.14381967599985
LEVALLORPHAN TARTRATE,C=CCN1CC[C@]23CCCC[C@H]2[C@H]1Cc1ccc(O)cc13.O=C(O)C(O)C(O)C(=O)O,CHEMBL2062276,1982.0,Small molecule,,0,False,0,True,0,False,True,False,433.21005233199986
DEXBROMPHENIRAMINE MALEATE,CN(C)CC[C@@H](c1ccc(Br)cc1)c1ccccn1.O=C(O)/C=C\C(=O)O,CHEMBL1200638,1963.0,Small molecule,Antihistaminic,0,False,0,True,0,True,False,False,434.08411931599994
BROMPHENIRAMINE MALEATE,CN(C)CCC(c1ccc(Br)cc1)c1ccccn1.O=C(O)/C=C\C(=O)O,CHEMBL1200961,1957.0,Small molecule,Antihistaminic,0,False,0,True,0,True,True,False,434.08411931599994
FLUVOXAMINE MALEATE,COCCCC/C(=N\OCCN)c1ccc(C(F)(F)F)cc1.O=C(O)/C=C\C(=O)O,CHEMBL1409,1994.0,Small molecule,Antiobsessional Agent,0,False,0,True,0,True,False,False,434.1664711799999
VENLAFAXINE BESYLATE,COc1ccc(C(CN(C)C)C2(O)CCCCC2)cc1.O=S(=O)(O)c1ccccc1,CHEMBL5095051,2022.0,Small molecule,,0,False,0,True,0,True,False,False,435.20794415599994
ESTROPIPATE,C1CNCCN1.C[C@]12CC[C@@H]3c4ccc(OS(=O)(=O)O)cc4CC[C@H]3[C@@H]1CCC2=O,CHEMBL1200980,1977.0,Small molecule,Estrogen,0,False,0,True,1,True,False,True,436.20319312399994
DISOPYRAMIDE PHOSPHATE,CC(C)N(CCC(C(N)=O)(c1ccccc1)c1ccccn1)C(C)C.O=P(O)(O)O,CHEMBL1201020,1977.0,Small molecule,Cardiac Depressant (anti-arrhythmic),0,False,0,True,0,True,False,False,437.2079577539999
DOLASETRON MESYLATE,CS(=O)(=O)O.O.O=C(O[C@@H]1C[C@@H]2C[C@H]3C[C@H](C1)N2CC3=O)c1c[nH]c2ccccc12,CHEMBL2368924,1997.0,Small molecule,Antimigraine; Anti-Emetic,0,False,0,True,0,True,True,False,438.146072172
PANOBINOSTAT LACTATE,CC(O)C(=O)O.Cc1[nH]c2ccccc2c1CCNCc1ccc(/C=C/C(=O)NO)cc1,CHEMBL3545368,2015.0,Small molecule,,0,False,0,True,0,True,False,False,439.210721028
BRIMONIDINE TARTRATE,Brc1c(NC2=NCCN2)ccc2nccnc12.O=C(O)C(O)C(O)C(=O)O,CHEMBL2062257,1996.0,Small molecule,Adrenergic (ophthalmic),0,False,0,True,0,False,False,True,441.02839533199983
LISINOPRIL,NCCCC[C@H](N[C@@H](CCc1ccccc1)C(=O)O)C(=O)N1CCC[C@H]1C(=O)O.O.O,CHEMBL419213,1987.0,Small molecule,,0,False,0,True,0,True,False,False,441.2475004599999
PERINDOPRIL ERBUMINE,CC(C)(C)N.CCC[C@H](N[C@@H](C)C(=O)N1[C@H](C(=O)O)C[C@@H]2CCCC[C@@H]21)C(=O)OCC,CHEMBL1200343,1993.0,Small molecule,Antihypertensive,0,False,0,True,0,True,False,False,441.32027147599996
ECONAZOLE NITRATE,Clc1ccc(COC(Cn2ccnc2)c2ccc(Cl)cc2Cl)cc1.O=[N+]([O-])O,CHEMBL1201049,1982.0,Small molecule,Antifungal,0,False,0,True,0,False,False,True,443.0206390319999
LEVORPHANOL TARTRATE,CN1CC[C@]23CCCC[C@H]2[C@H]1Cc1ccc(O)cc13.O.O.O=C(O)C(O)C(O)C(=O)O,CHEMBL3989768,1991.0,Small molecule,,0,False,0,True,0,True,True,False,443.21553163599987
LOXAPINE SUCCINATE,CN1CCN(C2=Nc3ccccc3Oc3ccc(Cl)cc32)CC1.O=C(O)CCC(=O)O,CHEMBL1201155,1975.0,Small molecule,Tranquilizer (minor),0,False,0,True,0,True,False,False,445.1404485479999
DIPHENHYDRAMINE CITRATE,CN(C)CCOC(c1ccccc1)c1ccccc1.O=C(O)CC(O)(CC(=O)O)C(=O)O,CHEMBL1201089,2005.0,Small molecule,Antihistaminic,0,False,0,True,0,True,False,False,447.1893168879999
TRIPELENNAMINE CITRATE,CN(C)CCN(Cc1ccccc1)c1ccccn1.O=C(O)CC(O)(CC(=O)O)C(=O)O,CHEMBL1200769,1948.0,Small molecule,Antihistaminic,0,False,0,True,0,True,False,False,447.20055026799986
ANILERIDINE PHOSPHATE,CCOC(=O)C1(c2ccccc2)CCN(CCc2ccc(N)cc2)CC1.O=P(O)(O)O,CHEMBL1200543,1982.0,Small molecule,,0,False,0,True,0,False,True,False,450.191973342
DIHYDROCODEINE BITARTRATE,COc1ccc2c3c1O[C@H]1[C@@H](O)CC[C@H]4[C@@H](C2)N(C)CC[C@@]341.O=C(O)C(O)C(O)C(=O)O,CHEMBL2062266,1983.0,Small molecule,Analgesic,0,False,0,True,1,True,False,False,451.18423150799987
BETHANIDINE SULFATE,C/N=C(\NC)NCc1ccccc1.C/N=C(\NC)NCc1ccccc1.O=S(=O)(O)O,CHEMBL2110368,1982.0,Small molecule,Antihypertensive,0,False,0,True,0,True,False,False,452.2205745039999
PRIMAQUINE PHOSPHATE,COc1cc(NC(C)CCCN)c2ncccc2c1.O=P(O)(O)O.O=P(O)(O)O,CHEMBL43128,1952.0,Small molecule,Antimalarial,0,False,0,True,0,True,False,False,455.12225270399983
LISDEXAMFETAMINE DIMESYLATE,CS(=O)(=O)O.CS(=O)(=O)O.C[C@@H](Cc1ccccc1)NC(=O)[C@@H](N)CCCCN,CHEMBL1201178,2007.0,Small molecule,,0,False,0,True,0,True,False,False,455.1759923960001
METHYLERGONOVINE MALEATE,CC[C@@H](CO)NC(=O)[C@@H]1C=C2c3cccc4[nH]cc(c34)C[C@H]2N(C)C1.O=C(O)/C=C\C(=O)O,CHEMBL1200843,1946.0,Small molecule,Oxytocic,0,False,0,True,1,True,True,False,455.20563564799994
SULCONAZOLE NITRATE,Clc1ccc(CSC(Cn2ccnc2)c2ccc(Cl)cc2Cl)cc1.O=[N+]([O-])O,CHEMBL1200348,1985.0,Small molecule,Antifungal,0,False,0,True,0,False,False,True,458.99779541199996
CLEMASTINE FUMARATE,CN1CCC[C@@H]1CCO[C@](C)(c1ccccc1)c1ccc(Cl)cc1.O=C(O)/C=C/C(=O)O,CHEMBL1200795,1977.0,Small molecule,Antihistaminic,0,False,0,True,0,True,False,False,459.1812507399999
VONOPRAZAN FUMARATE,CNCc1cc(-c2ccccc2F)n(S(=O)(=O)c2cccnc2)c1.O=C(O)/C=C/C(=O)O,CHEMBL2064032,2022.0,Small molecule,,0,False,0,True,0,True,False,False,461.10568457999995
ORPHENADRINE CITRATE,Cc1ccccc1C(OCCN(C)C)c1ccccc1.O=C(O)CC(O)(CC(=O)O)C(=O)O,CHEMBL1200395,1959.0,Small molecule,Antihistaminic; Relaxant (skeletal muscle),0,False,0,True,0,True,True,False,461.20496695199984
ALOGLIPTIN BENZOATE,Cn1c(=O)cc(N2CCC[C@@H](N)C2)n(Cc2ccccc2C#N)c1=O.O=C(O)c1ccccc1,CHEMBL227529,2013.0,Small molecule,,0,False,0,True,1,True,False,False,461.206304344
CANAGLIFLOZIN,Cc1ccc([C@@H]2O[C@H](CO)[C@@H](O)[C@H](O)[C@H]2O)cc1Cc1ccc(-c2ccc(F)cc2)s1.O,CHEMBL4594217,2011.0,Small molecule,,0,False,0,True,1,True,False,False,462.15123780400006
DOXYCYCLINE,C[C@H]1c2cccc(O)c2C(=O)C2=C(O)[C@]3(O)C(=O)C(C(N)=O)=C(O)[C@@H](N(C)C)[C@@H]3[C@@H](O)[C@@H]21.O,CHEMBL1200699,1967.0,Small molecule,Antibacterial,0,False,0,True,1,True,False,False,462.163830412
HALOPERIDOL LACTATE,CC(O)C(=O)O.O=C(CCCN1CCC(O)(c2ccc(Cl)cc2)CC1)c1ccc(F)cc1,CHEMBL4297147,1967.0,Small molecule,,0,False,0,True,0,True,True,False,465.171828928
DIMENHYDRINATE,CN(C)CCOC(c1ccccc1)c1ccccc1.Cn1c(=O)c2[nH]c(Cl)nc2n(C)c1=O,CHEMBL1200406,1972.0,Small molecule,Anti-Emetic,0,False,0,True,1,True,True,False,469.18806743600004
ALMOTRIPTAN MALATE,CN(C)CCc1c[nH]c2ccc(CS(=O)(=O)N3CCCC3)cc12.O=C(O)CC(O)C(=O)O,CHEMBL1200521,2001.0,Small molecule,,0,False,0,True,0,True,False,False,469.1882713319999
METHYSERGIDE MALEATE,CCC(CO)NC(=O)[C@@H]1C=C2c3cccc4c3c(cn4C)C[C@H]2N(C)C1.O=C(O)/C=C\C(=O)O,CHEMBL3989558,1962.0,Small molecule,,0,False,0,True,1,True,False,False,469.22128571199994
BUTOCONAZOLE NITRATE,Clc1ccc(CCC(Cn2ccnc2)Sc2c(Cl)cccc2Cl)cc1.O=[N+]([O-])O,CHEMBL1200398,1985.0,Small molecule,Antifungal,0,False,0,True,0,False,False,True,473.0134454759999
ROSIGLITAZONE MALEATE,CN(CCOc1ccc(CC2SC(=O)NC2=O)cc1)c1ccccn1.O=C(O)/C=C\C(=O)O,CHEMBL843,1999.0,Small molecule,Antidiabetic,0,True,0,True,0,True,False,False,473.12567107599995
FLECAINIDE ACETATE,CC(=O)O.O=C(NCC1CCCCN1)c1cc(OCC(F)(F)F)ccc1OCC(F)(F)F,CHEMBL1200822,1985.0,Small molecule,Cardiac Depressant (anti-arrhythmic),0,False,0,True,0,True,False,False,474.158941188
TOLTERODINE TARTRATE,Cc1ccc(O)c([C@H](CCN(C(C)C)C(C)C)c2ccccc2)c1.O=C(O)C(O)C(O)C(=O)O,CHEMBL1722209,1998.0,Small molecule,,0,False,0,True,0,True,False,False,475.25700252399986
DINOPROST TROMETHAMINE,CCCCC[C@H](O)/C=C/[C@@H]1[C@@H](C/C=C\CCCC(=O)O)[C@@H](O)C[C@H]1O.NC(CO)(CO)CO,CHEMBL1200896,1982.0,Small molecule,Oxytocic; Prostaglandin,0,False,0,True,1,False,True,False,475.3145173999999
MICONAZOLE NITRATE,Clc1ccc(COC(Cn2ccnc2)c2ccc(Cl)cc2Cl)c(Cl)c1.O=[N+]([O-])O,CHEMBL1559,1974.0,Small molecule,Antifungal,0,False,0,True,0,False,False,True,476.98166667999993
BUTORPHANOL TARTRATE,O=C(O)C(O)C(O)C(=O)O.Oc1ccc2c(c1)[C@@]13CCCC[C@@]1(O)[C@@H](C2)N(CC1CCC1)CC3,CHEMBL299400,1978.0,Small molecule,Analgesic; Antitussive,0,False,0,True,0,False,True,True,477.23626708
SOLIFENACIN SUCCINATE,O=C(O)CCC(=O)O.O=C(O[C@H]1CN2CCC1CC2)N1CCc2ccccc2[C@@H]1c1ccccc1,CHEMBL1200803,2004.0,Small molecule,,0,False,0,True,0,True,False,False,480.226036744
GEMIFLOXACIN MESYLATE,CO/N=C1\CN(c2nc3c(cc2F)c(=O)c(C(=O)O)cn3C2CC2)CC1CN.CS(=O)(=O)O,CHEMBL1200621,2003.0,Small molecule,,0,False,0,True,0,True,False,False,485.1380473279999
HYDROCODONE BITARTRATE,COc1ccc2c3c1O[C@H]1C(=O)CC[C@H]4[C@@H](C2)N(C)CC[C@]314.O.O.O=C(O)C(O)C(O)C(=O)O,CHEMBL3989677,1943.0,Small molecule,,0,False,0,True,1,True,False,False,485.1897108119998
PRUCALOPRIDE SUCCINATE,COCCCN1CCC(NC(=O)c2cc(Cl)c(N)c3c2OCC3)CC1.O=C(O)CCC(=O)O,CHEMBL2105748,2018.0,Small molecule,,0,False,0,True,0,True,False,False,485.1928780439999
DACOMITINIB,COc1cc2ncnc(Nc3ccc(F)c(Cl)c3)c2cc1NC(=O)/C=C/CN1CCCCC1.O,CHEMBL2105719,2018.0,Small molecule,,0,False,0,True,0,True,False,False,487.178645624
CARBOPROST TROMETHAMINE,CCCCC[C@](C)(O)/C=C/[C@@H]1[C@@H](C/C=C\CCCC(=O)O)[C@@H](O)C[C@H]1O.NC(CO)(CO)CO,CHEMBL1237105,1979.0,Small molecule,Oxytocic,0,False,0,True,1,False,True,False,489.3301674639999
OXICONAZOLE NITRATE,Clc1ccc(CO/N=C(\Cn2ccnc2)c2ccc(Cl)cc2Cl)c(Cl)c1.O=[N+]([O-])O,CHEMBL1200836,1988.0,Small molecule,Antifungal,0,False,0,True,0,False,False,True,489.97691564799993
GLASDEGIB MALEATE,CN1CC[C@@H](NC(=O)Nc2ccc(C#N)cc2)C[C@@H]1c1nc2ccccc2[nH]1.O=C(O)/C=C\C(=O)O,CHEMBL4297534,2018.0,Small molecule,,0,False,0,True,0,True,False,False,490.1964679319999
ENALAPRIL MALEATE,CCOC(=O)[C@H](CCc1ccccc1)N[C@@H](C)C(=O)N1CCC[C@H]1C(=O)O.O=C(O)/C=C\C(=O)O,CHEMBL1200659,1985.0,Small molecule,Antihypertensive,0,False,0,True,0,True,False,False,492.21078060399986
ARFORMOTEROL TARTRATE,COc1ccc(C[C@@H](C)NC[C@H](O)c2ccc(O)c(NC=O)c2)cc1.O=C(O)C(O)C(O)C(=O)O,CHEMBL1951071,2006.0,Small molecule,,0,False,0,True,0,False,False,True,494.19004515999984
TREPROSTINIL DIOLAMINE,CCCCC[C@H](O)CC[C@@H]1[C@H]2Cc3cccc(OCC(=O)O)c3C[C@H]2C[C@H]1O.OCCNCCO,CHEMBL2107815,2013.0,Small molecule,,0,False,0,True,1,True,False,False,495.3196027799999
SERTACONAZOLE NITRATE,Clc1ccc(C(Cn2ccnc2)OCc2csc3c(Cl)cccc23)c(Cl)c1.O=[N+]([O-])O,CHEMBL1200725,2003.0,Small molecule,,0,False,0,True,0,False,False,True,498.99271003199993
TAFAMIDIS MEGLUMINE,CNC[C@H](O)[C@@H](O)[C@H](O)[C@H](O)CO.O=C(O)c1ccc2nc(-c3cc(Cl)cc(Cl)c3)oc2c1,CHEMBL2105675,2019.0,Small molecule,,0,False,0,True,0,True,False,False,502.090971088
DAPAGLIFLOZIN PROPYLENE GLYCOL,CCOc1ccc(Cc2cc([C@@H]3O[C@H](CO)[C@@H](O)[C@H](O)[C@H]3O)ccc2Cl)cc1.C[C@H](O)CO.O,CHEMBL2103802,2014.0,Small molecule,,0,False,0,True,1,True,False,False,502.1969603799999
CARVEDILOL PHOSPHATE,COc1ccccc1OCCNCC(O)COc1cccc2[nH]c3ccccc3c12.O=P(O)(O)O,CHEMBL1201167,2006.0,Small molecule,,0,False,0,True,0,True,False,False,504.16615251799993
TOFACITINIB CITRATE,C[C@@H]1CCN(C(=O)CC#N)C[C@@H]1N(C)c1ncnc2[nH]ccc12.O=C(O)CC(O)(CC(=O)O)C(=O)O,CHEMBL2103743,2012.0,Small molecule,,0,False,0,True,0,True,False,False,504.1968618559998
SAMIDORPHAN L-MALATE,NC(=O)c1ccc2c(c1O)[C@]13CCN(CC4CC4)[C@H](C2)[C@]1(O)CCC(=O)C3.O=C(O)C[C@H](O)C(=O)O,CHEMBL2105749,2021.0,Small molecule,,0,False,0,True,0,True,False,False,504.2107806039998
GLYCOPYRRONIUM TOSYLATE,C[N+]1(C)CCC(OC(=O)C(O)(c2ccccc2)C2CCCC2)C1.Cc1ccc(S(=O)(=O)[O-])cc1.O,CHEMBL3707243,2018.0,Small molecule,,0,False,0,True,0,False,False,True,507.22907352399994
INDACATEROL MALEATE,CCc1cc2c(cc1CC)CC(NC[C@H](O)c1ccc(O)c3[nH]c(=O)ccc13)C2.O=C(O)/C=C\C(=O)O,CHEMBL1789842,2011.0,Small molecule,,0,False,0,True,0,False,False,True,508.22095136399986
NIRAPARIB TOSYLATE,Cc1ccc(S(=O)(=O)O)cc1.NC(=O)c1cccc2cn(-c3ccc([C@@H]4CCCNC4)cc3)nc12.O,CHEMBL3989922,2017.0,Small molecule,,0,False,0,True,0,True,False,False,510.19369106000005
CEFAMANDOLE NAFATE,Cn1nnnc1SCC1=C(C(=O)[O-])N2C(=O)[C@@H](NC(=O)[C@H](OC=O)c3ccccc3)[C@H]2SC1.[Na+],CHEMBL1618,1978.0,Small molecule,Antibacterial,0,False,0,True,1,False,True,False,512.0548685439999
TROVAFLOXACIN MESYLATE,CS(=O)(=O)O.N[C@@H]1[C@H]2CN(c3nc4c(cc3F)c(=O)c(C(=O)O)cn4-c3ccc(F)cc3F)C[C@@H]12,CHEMBL1200779,1997.0,Small molecule,Antibacterial,0,True,0,True,0,True,False,False,512.097739988
CHLOROQUINE PHOSPHATE,CCN(CC)CCCC(C)Nc1ccnc2cc(Cl)ccc12.O=P(O)(O)O.O=P(O)(O)O,CHEMBL58510,1949.0,Small molecule,,0,False,0,True,0,True,False,False,515.1353159239998
EPROSARTAN MESYLATE,CCCCc1ncc(/C=C(\Cc2cccs2)C(=O)O)n1Cc1ccc(C(=O)O)cc1.CS(=O)(=O)O,CHEMBL1200987,1997.0,Small molecule,Antihypertensive,0,False,0,True,0,True,False,False,520.133793236
METAPROTERENOL SULFATE,CC(C)NCC(O)c1cc(O)cc(O)c1.CC(C)NCC(O)c1cc(O)cc(O)c1.O=S(=O)(O)O,CHEMBL1568057,1973.0,Small molecule,,0,True,0,True,0,True,False,True,520.2090663519999
QUINIDINE GLUCONATE,C=C[C@H]1CN2CC[C@H]1C[C@@H]2[C@@H](O)c1ccnc2ccc(OC)cc12.O=C(O)[C@H](O)[C@@H](O)[C@H](O)[C@H](O)CO,CHEMBL1200437,1950.0,Small molecule,Cardiac Depressant (anti-arrhythmic),0,False,0,True,1,True,True,False,520.2420807319999
LENVATINIB MESYLATE,COc1cc2nccc(Oc3ccc(NC(=O)NC4CC4)c(Cl)c3)c2cc1C(N)=O.CS(=O)(=O)O,CHEMBL2105704,2015.0,Small molecule,,0,False,0,True,0,True,False,False,522.0975977559999
AZATADINE MALEATE,CN1CCC(=C2c3ccccc3CCc3cccnc32)CC1.O=C(O)/C=C\C(=O)O.O=C(O)/C=C\C(=O)O,CHEMBL3544908,1977.0,Small molecule,Antihistaminic,0,False,0,True,0,True,False,False,522.2002159199998
SITAGLIPTIN PHOSPHATE,N[C@@H](CC(=O)N1CCn2c(nnc2C(F)(F)F)C1)Cc1cc(F)c(F)cc1F.O.O=P(O)(O)O,CHEMBL1201174,2006.0,Small molecule,,0,False,0,True,0,True,False,False,523.1055393099999
AMLODIPINE MALEATE,CCOC(=O)C1=C(COCCN)NC(C)=C(C(=O)OC)C1c1ccccc1Cl.O=C(O)/C=C\C(=O)O,CHEMBL1200984,2003.0,Small molecule,Antihypertensive; Anti-Anginal,0,False,0,True,0,True,False,False,524.1561581879998
LEVAMLODIPINE MALEATE,CCOC(=O)C1=C(COCCN)NC(C)=C(C(=O)OC)[C@@H]1c1ccccc1Cl.O=C(O)/C=C\C(=O)O,CHEMBL4594288,2019.0,Small molecule,,0,False,0,True,0,True,False,False,524.1561581879998
GUANADREL SULFATE,N=C(N)NCC1COC2(CCCCC2)O1.N=C(N)NCC1COC2(CCCCC2)O1.O=S(=O)(O)O,CHEMBL3184143,1982.0,Small molecule,,0,False,0,True,0,True,False,False,524.2628332399998
LAROTRECTINIB SULFATE,O=C(Nc1cnn2ccc(N3CCC[C@@H]3c3cc(F)ccc3F)nc12)N1CC[C@H](O)C1.O=S(=O)(O)O,CHEMBL3989939,2018.0,Small molecule,,0,False,0,True,0,True,False,False,526.144609928
FESOTERODINE FUMARATE,CC(C)C(=O)Oc1ccc(CO)cc1[C@H](CCN(C(C)C)C(C)C)c1ccccc1.O=C(O)/C=C/C(=O)O,CHEMBL1201765,2008.0,Small molecule,,0,False,0,True,0,True,False,False,527.2883026519999
FENTANYL CITRATE,CCC(=O)N(c1ccccc1)C1CCN(CCc2ccccc2)CC1.O=C(O)CC(O)(CC(=O)O)C(=O)O,CHEMBL688,1968.0,Small molecule,Analgesic (narcotic),0,False,0,True,0,True,True,True,528.2471661119998
AMLODIPINE BENZOATE,CCOC(=O)C1=C(COCCN)NC(C)=C(C(=O)OC)C1c1ccccc1Cl.O=C(O)c1ccccc1,CHEMBL4594262,2019.0,Small molecule,,0,False,0,True,0,True,False,False,530.1819790119999
BAZEDOXIFENE ACETATE,CC(=O)O.Cc1c(-c2ccc(O)cc2)n(Cc2ccc(OCCN3CCCCCC3)cc2)c2ccc(O)cc12,CHEMBL2106615,2009.0,Small molecule,,0,False,0,True,0,True,False,False,530.278072316
HYDROXYSTILBAMIDINE ISETHIONATE,N=C(N)c1ccc(/C=C/c2ccc(C(=N)N)cc2O)cc1.O=S(=O)(O)CCO.O=S(=O)(O)CCO,CHEMBL2023895,1953.0,Small molecule,,0,False,0,True,0,False,True,False,532.1297704759999
SUNITINIB MALATE,CCN(CC)CCNC(=O)c1c(C)[nH]c(/C=C2\C(=O)Nc3ccc(F)cc32)c1C.O=C(O)C[C@H](O)C(=O)O,CHEMBL1567,2006.0,Small molecule,,0,False,0,True,0,True,False,False,532.2333276159999
EMEDASTINE DIFUMARATE,CCOCCn1c(N2CCCN(C)CC2)nc2ccccc21.O=C(O)/C=C/C(=O)O.O=C(O)/C=C/C(=O)O,CHEMBL2103739,1997.0,Small molecule,"Anti-Allergic; Antihistaminic, H1-Receptor; Asthma Prophylactic",0,False,0,True,0,False,False,True,534.2325786679999
PENTOLINIUM TARTRATE,C[N+]1(CCCCC[N+]2(C)CCCC2)CCCC1.O=C([O-])[C@H](O)[C@@H](O)C(=O)O.O=C([O-])[C@H](O)[C@@H](O)C(=O)O,CHEMBL1318287,1982.0,Small molecule,,0,False,0,True,0,False,True,False,538.2737747839998
TETRACYCLINE PHOSPHATE COMPLEX,CN(C)[C@@H]1C(O)=C(C(N)=O)C(=O)[C@@]2(O)C(O)=C3C(=O)c4c(O)cccc4[C@@](C)(O)[C@H]3C[C@@H]12.O=P(O)(O)O,CHEMBL1201071,1957.0,Small molecule,Antibacterial,0,False,0,True,1,True,False,False,542.1301609339998
PERINDOPRIL ARGININE,CCC[C@H](N[C@@H](C)C(=O)N1[C@H](C(=O)O)C[C@@H]2CCCC[C@@H]21)C(=O)OCC.N=C(N)NCCC[C@H](N)C(=O)O,CHEMBL3544986,2015.0,Small molecule,,0,False,0,True,0,True,False,False,542.3427978120001
MESORIDAZINE BESYLATE,CN1CCCCC1CCN1c2ccccc2Sc2ccc([S+](C)[O-])cc21.O=S(=O)(O)c1ccccc1,CHEMBL1201052,1970.0,Small molecule,Antipsychotic,0,False,0,True,0,True,True,False,544.1524205039999
BEPOTASTINE BESYLATE,O=C(O)CCCN1CCC(O[C@@H](c2ccc(Cl)cc2)c2ccccn2)CC1.O=S(=O)(O)c1ccccc1,CHEMBL1201759,2009.0,Small molecule,,0,False,0,True,0,False,False,True,546.1591353919999
DOXAZOSIN MESYLATE,COc1cc2nc(N3CCN(C(=O)C4COc5ccccc5O4)CC3)nc(N)c2cc1OC.CS(=O)(=O)O,CHEMBL1200561,1990.0,Small molecule,Antihypertensive,0,False,0,True,0,True,False,False,547.173683888
LEVOPROPOXYPHENE NAPSYLATE,CCC(=O)O[C@@](Cc1ccccc1)(c1ccccc1)[C@@H](C)CN(C)C.O=S(=O)(O)c1ccc2ccccc2c1,CHEMBL1593906,1962.0,Small molecule,Antitussive,0,False,0,True,0,True,False,False,547.2392442839999
DILTIAZEM MALATE,COc1ccc([C@@H]2Sc3ccccc3N(CCN(C)C)C(=O)[C@@H]2OC(C)=O)cc1.O=C(O)CC(O)C(=O)O,CHEMBL1200805,1996.0,Small molecule,Antihypertensive,0,False,0,True,0,True,False,False,548.1828516039998
BELUMOSUDIL MESYLATE,CC(C)NC(=O)COc1cccc(-c2nc(Nc3ccc4[nH]ncc4c3)c3ccccc3n2)c1.CS(=O)(=O)O,CHEMBL4802130,2021.0,Small molecule,,0,False,0,True,0,True,False,False,548.184188996
TERBUTALINE SULFATE,CC(C)(C)NCC(O)c1cc(O)cc(O)c1.CC(C)(C)NCC(O)c1cc(O)cc(O)c1.O=S(=O)(O)O,CHEMBL1315867,1974.0,Small molecule,,0,False,0,True,0,True,True,True,548.2403664799999
TALAZOPARIB TOSYLATE,Cc1ccc(S(=O)(=O)O)cc1.Cn1ncnc1[C@H]1c2n[nH]c(=O)c3cc(F)cc(c23)N[C@@H]1c1ccc(F)cc1,CHEMBL3137318,2018.0,Small molecule,,0,False,0,True,0,True,False,False,552.1391306240001
DELAVIRDINE MESYLATE,CC(C)Nc1cccnc1N1CCN(C(=O)c2cc3cc(NS(C)(=O)=O)ccc3[nH]2)CC1.CS(=O)(=O)O,CHEMBL929,1997.0,Small molecule,Antiviral,0,False,0,True,0,True,False,False,552.1824747439999
RIBOCICLIB SUCCINATE,CN(C)C(=O)c1cc2cnc(Nc3ccc(N4CCNCC4)cn3)nc2n1C1CCCC1.O=C(O)CCC(=O)O,CHEMBL3707266,2017.0,Small molecule,,0,False,0,True,0,True,False,False,552.280866252
LODOXAMIDE TROMETHAMINE,N#Cc1cc(NC(=O)C(=O)O)c(Cl)c(NC(=O)C(=O)O)c1.NC(CO)(CO)CO.NC(CO)(CO)CO,CHEMBL3989725,1993.0,Small molecule,,0,False,0,True,0,False,False,True,553.1422990159998
SELUMETINIB SULFATE,Cn1cnc2c(F)c(Nc3ccc(Br)cc3Cl)c(C(=O)NOCCO)cc21.O=S(=O)(O)O,CHEMBL2105684,2020.0,Small molecule,,0,False,0,True,0,True,False,False,553.9673878839999
RUCAPARIB CAMSYLATE,CC1(C)[C@@H]2CC[C@@]1(CS(=O)(=O)O)C(=O)C2.CNCc1ccc(-c2[nH]c3cc(F)cc4c3c2CCNC4=O)cc1,CHEMBL3833368,2016.0,Small molecule,,0,False,0,True,0,True,False,False,555.2203204080001
ISOPROTERENOL SULFATE,CC(C)NCC(O)c1ccc(O)c(O)c1.CC(C)NCC(O)c1ccc(O)c(O)c1.O.O.O=S(=O)(O)O,CHEMBL3989521,1956.0,Small molecule,,0,False,0,True,0,False,False,True,556.2301957199999
BITOLTEROL MESYLATE,CS(=O)(=O)O.Cc1ccc(C(=O)Oc2ccc(C(O)CNC(C)(C)C)cc2OC(=O)c2ccc(C)cc2)cc1,CHEMBL1200405,1984.0,Small molecule,Bronchodilator,0,False,0,True,0,False,False,True,557.2083380799999
ZIPRASIDONE MESYLATE,CS(=O)(=O)O.O.O.O.O=C1Cc2cc(CCN3CCN(c4nsc5ccccc45)CC3)c(Cl)cc2N1,CHEMBL3989833,2002.0,Small molecule,,0,False,0,True,0,False,True,False,562.132269012
PROCHLORPERAZINE EDISYLATE,CN1CCN(CCCN2c3ccccc3Sc3ccc(Cl)cc32)CC1.O=S(=O)(O)CCS(=O)(=O)O,CHEMBL1201154,1957.0,Small molecule,Antipsychotic; Anti-Emetic,0,False,0,True,0,True,True,False,563.0985263599999
TRIMETREXATE GLUCURONATE,COc1cc(NCc2ccc3nc(N)nc(N)c3c2C)cc(OC)c1OC.O=C(O)[C@H]1O[C@H](O)[C@H](O)[C@@H](O)[C@@H]1O,CHEMBL2218878,1993.0,Small molecule,Antineoplastic,0,False,0,True,0,False,True,False,563.2227422559998
TAMOXIFEN CITRATE,CC/C(=C(\c1ccccc1)c1ccc(OCCN(C)C)cc1)c1ccccc1.O=C(O)CC(O)(CC(=O)O)C(=O)O,CHEMBL786,1977.0,Small molecule,Anti-Estrogen,0,False,0,True,0,True,False,False,563.2519171439999
ELTROMBOPAG OLAMINE,CC1=NN(c2ccc(C)c(C)c2)C(=O)/C1=N\Nc1cccc(-c2cccc(C(=O)O)c2)c1O.NCCO.NCCO,CHEMBL3989691,2008.0,Small molecule,,0,False,0,True,0,True,False,False,564.269632872
PROPOXYPHENE NAPSYLATE,CCC(=O)O[C@](Cc1ccccc1)(c1ccccc1)[C@H](C)CN(C)C.O.O=S(=O)(O)c1ccc2ccccc2c1,CHEMBL3989716,1971.0,Small molecule,,0,True,0,True,0,True,False,False,565.2498089679999
AMLODIPINE BESYLATE,CCOC(=O)C1=C(COCCN)NC(C)=C(C(=O)OC)C1c1ccccc1Cl.O=S(=O)(O)c1ccccc1,CHEMBL1200402,1992.0,Small molecule,Antihypertensive; Anti-Anginal,0,False,0,True,0,True,False,False,566.1489646319999
LEFAMULIN ACETATE,C=C[C@]1(C)C[C@@H](OC(=O)CS[C@@H]2CC[C@@H](N)C[C@H]2O)[C@]2(C)[C@H](C)CC[C@]3(CCC(=O)[C@H]32)[C@@H](C)[C@@H]1O.CC(=O)O,CHEMBL3545309,2019.0,Small molecule,,0,False,0,True,0,True,True,False,567.3229739079999
ENASIDENIB MESYLATE,CC(C)(O)CNc1nc(Nc2ccnc(C(F)(F)F)c2)nc(-c2cccc(C(F)(F)F)n2)n1.CS(=O)(=O)O,CHEMBL3989931,2017.0,Small molecule,,0,False,0,True,0,True,False,False,569.1279924720002
PROCAINE BENZYLPENICILLIN,CC1(C)S[C@@H]2[C@H](NC(=O)Cc3ccccc3)C(=O)N2[C@H]1C(=O)O.CCN(CC)CCOC(=O)c1ccc(N)cc1,CHEMBL1628385,1948.0,Small molecule,Antibacterial,0,False,0,True,1,False,True,False,570.251205936
FINGOLIMOD LAURYL SULFATE,CCCCCCCCCCCCOS(=O)(=O)O.CCCCCCCCc1ccc(CCC(N)(CO)CO)cc1,CHEMBL5095050,2021.0,Small molecule,,0,False,0,True,0,True,False,False,573.4063096080001
ALBUTEROL SULFATE,CC(C)(C)NCC(O)c1ccc(O)c(CO)c1.CC(C)(C)NCC(O)c1ccc(O)c(CO)c1.O=S(=O)(O)O,CHEMBL1441059,1982.0,Small molecule,,0,False,0,True,0,True,False,True,576.2716666079999
SUFENTANIL CITRATE,CCC(=O)N(c1ccccc1)C1(COC)CCN(CCc2cccs2)CC1.O=C(O)CC(O)(CC(=O)O)C(=O)O,CHEMBL1201163,1984.0,Small molecule,Analgesic (narcotic),0,False,0,True,0,False,True,False,578.229801796
ACALABRUTINIB MALEATE,CC#CC(=O)N1CCC[C@H]1c1nc(-c2ccc(C(=O)Nc3ccccn3)cc2)c2c(N)nccn12.O=C(O)/C=C\C(=O)O,CHEMBL4594293,2022.0,Small molecule,,0,False,0,True,0,True,False,False,581.202281584
TAFENOQUINE SUCCINATE,COc1cc(C)c2c(Oc3cccc(C(F)(F)F)c3)c(OC)cc(NC(C)CCCN)c2n1.O=C(O)CCC(=O)O,CHEMBL2364635,2018.0,Small molecule,,0,False,0,True,0,True,False,False,581.234885088
KANAMYCIN SULFATE,NC[C@H]1O[C@H](O[C@H]2[C@H](O)[C@@H](O[C@H]3O[C@H](CO)[C@@H](O)[C@H](N)[C@H]3O)[C@H](N)C[C@@H]2N)[C@H](O)[C@@H](O)[C@@H]1O.O=S(=O)(O)O,CHEMBL1446,1973.0,Small molecule,Antibacterial,0,False,0,True,1,True,True,False,582.205437516
PENICILLIN G PROCAINE,CC1(C)S[C@@H]2[C@H](NC(=O)Cc3ccccc3)C(=O)N2[C@H]1C(=O)O.CCN(CC)CCOC(=O)c1ccc(N)cc1.O,CHEMBL1200936,1948.0,Small molecule,Antibacterial,0,False,0,True,1,False,True,False,588.26177062
IMATINIB MESYLATE,CS(=O)(=O)O.Cc1ccc(NC(=O)c2ccc(CN3CCN(C)CC3)cc2)cc1Nc1nccc(-c2cccnc2)n1,CHEMBL1642,2001.0,Small molecule,,0,False,0,True,0,True,False,False,589.2471236
VORAPAXAR SULFATE,CCOC(=O)N[C@@H]1CC[C@@H]2[C@@H](C1)C[C@H]1C(=O)O[C@H](C)[C@H]1[C@H]2/C=C/c1ccc(-c2cccc(F)c2)cn1.O=S(=O)(O)O,CHEMBL2107386,2014.0,Small molecule,,0,False,0,True,0,True,False,False,590.2098153000001
PENTAMIDINE ISETHIONATE,N=C(N)c1ccc(OCCCCCOc2ccc(C(=N)N)cc2)cc1.O=S(=O)(O)CCO.O=S(=O)(O)CCO,CHEMBL361506,1984.0,Small molecule,,0,False,0,True,0,False,True,True,592.1872853519999
DARUNAVIR ETHANOLATE,CC(C)CN(C[C@@H](O)[C@H](Cc1ccccc1)NC(=O)O[C@H]1CO[C@H]2OCC[C@H]21)S(=O)(=O)c1ccc(N)cc1.CCO,CHEMBL1201127,2006.0,Small molecule,,0,False,0,True,1,True,False,False,593.2770863359999
OSIMERTINIB MESYLATE,C=CC(=O)Nc1cc(Nc2nccc(-c3cn(C)c4ccccc34)n2)c(OC)cc1N(C)CCN(C)C.CS(=O)(=O)O,CHEMBL3545063,2015.0,Small molecule,,0,False,0,True,0,True,False,False,595.2576882840002
TRIMETHAPHAN CAMSYLATE,CC1(C)C2CCC1(CS(=O)(=O)[O-])C(=O)C2.O=C1N(Cc2ccccc2)C2C[S+]3CCCC3C2N1Cc1ccccc1,CHEMBL1245,1982.0,Small molecule,Antihypertensive,0,False,0,True,0,False,True,False,596.23786438
CLOMIPHENE CITRATE,CCN(CC)CCOc1ccc(C(=C(Cl)c2ccccc2)c2ccccc2)cc1.O=C(O)CC(O)(CC(=O)O)C(=O)O,CHEMBL3185958,1967.0,Small molecule,Anti-Estrogen,0,False,0,True,0,True,False,False,597.2129447919999
TOREMIFENE CITRATE,CN(C)CCOc1ccc(/C(=C(/CCCl)c2ccccc2)c2ccccc2)cc1.O=C(O)CC(O)(CC(=O)O)C(=O)O,CHEMBL1200675,1997.0,Small molecule,Anti-Estrogen; Antineoplastic,0,False,0,True,0,True,False,False,597.2129447919999
SALMETEROL XINAFOATE,O=C(O)c1ccc2ccccc2c1O.OCc1cc(C(O)CNCCCCCCOCCCCc2ccccc2)ccc1O,CHEMBL1082607,1994.0,Small molecule,Bronchodilator,0,False,0,True,0,False,False,True,603.31960278
PROCHLORPERAZINE MALEATE,CN1CCN(CCCN2c3ccccc3Sc3ccc(Cl)cc32)CC1.O=C(O)/C=C\C(=O)O.O=C(O)/C=C\C(=O)O,CHEMBL1314751,1956.0,Small molecule,,0,False,0,True,0,True,False,False,605.1598636639999
AZILSARTAN KAMEDOXOMIL,CCOc1nc2cccc(C(=O)OCc3oc(=O)oc3C)c2n1Cc1ccc(-c2ccccc2-c2noc(=O)[n-]2)cc1.[K+],CHEMBL2103795,2011.0,Small molecule,,0,False,0,True,0,True,False,False,606.115295376
DABRAFENIB MESYLATE,CC(C)(C)c1nc(-c2cccc(NS(=O)(=O)c3c(F)cccc3F)c2F)c(-c2ccnc(N)n2)s1.CS(=O)(=O)O,CHEMBL2105729,2013.0,Small molecule,,0,False,0,True,0,True,False,False,615.0891665280002
LEVALBUTEROL TARTRATE,CC(C)(C)NC[C@H](O)c1ccc(O)c(CO)c1.CC(C)(C)NC[C@H](O)c1ccc(O)c(CO)c1.O=C(O)C(O)C(O)C(=O)O,CHEMBL3989693,2005.0,Small molecule,,0,False,0,True,0,False,False,True,628.320724976
THIETHYLPERAZINE MALEATE,CCSc1ccc2c(c1)N(CCCN1CCN(C)CC1)c1ccccc1S2.O=C(O)/C=C\C(=O)O.O=C(O)/C=C\C(=O)O,CHEMBL3989478,1961.0,Small molecule,,0,False,0,True,0,True,False,True,631.2022071439999
DELAFLOXACIN MEGLUMINE,CNC[C@H](O)[C@@H](O)[C@H](O)[C@H](O)CO.Nc1nc(-n2cc(C(=O)O)c(=O)c3cc(F)c(N4CC(O)C4)c(Cl)c32)c(F)cc1F,CHEMBL2105638,2017.0,Small molecule,,0,False,0,True,0,True,True,False,635.160589848
TENOFOVIR DISOPROXIL FUMARATE,CC(C)OC(=O)OCOP(=O)(CO[C@H](C)Cn1cnc2c(N)ncnc21)OCOC(=O)OC(C)C.O=C(O)/C=C/C(=O)O,CHEMBL1486,2001.0,Small molecule,,0,False,0,True,1,True,False,False,635.1839873980001
CABOZANTINIB S-MALATE,COc1cc2nccc(Oc3ccc(NC(=O)C4(C(=O)Nc5ccc(F)cc5)CC4)cc3)c2cc1OC.O=C(O)C[C@H](O)C(=O)O,CHEMBL2103868,2012.0,Small molecule,,0,False,0,True,0,True,False,False,635.1915223800002
SORAFENIB TOSYLATE,CNC(=O)c1cc(Oc2ccc(NC(=O)Nc3ccc(Cl)c(C(F)(F)F)c3)cc2)ccn1.Cc1ccc(S(=O)(=O)O)cc1,CHEMBL1200485,2005.0,Small molecule,,0,False,0,True,0,True,False,False,636.1057178280001
PIPERAZINE CITRATE,C1CNCCN1.C1CNCCN1.C1CNCCN1.O=C(O)CC(O)(CC(=O)O)C(=O)O.O=C(O)CC(O)(CC(=O)O)C(=O)O,CHEMBL3990694,1954.0,Small molecule,,0,False,0,True,0,True,False,False,642.3072001519998
ACETOPHENAZINE MALEATE,CC(=O)c1ccc2c(c1)N(CCCN1CCN(CCO)CC1)c1ccccc1S2.O=C(O)/C=C\C(=O)O.O=C(O)/C=C\C(=O)O,CHEMBL2360079,1961.0,Small molecule,Antipsychotic,0,False,0,True,0,True,False,False,643.219965384
NETARSUDIL DIMESYLATE,CS(=O)(=O)O.CS(=O)(=O)O.Cc1ccc(C(=O)OCc2ccc([C@@H](CN)C(=O)Nc3ccc4cnccc4c3)cc2)c(C)c1,CHEMBL4594251,2017.0,Small molecule,,0,False,0,True,0,False,False,True,645.1814717
NINTEDANIB ESYLATE,CCS(=O)(=O)O.COC(=O)c1ccc2c(c1)NC(=O)/C2=C(\Nc1ccc(N(C)C(=O)CN2CCN(C)CC2)cc1)c1ccccc1,CHEMBL3039504,2014.0,Small molecule,,0,False,0,True,0,True,False,False,649.257019588
METOPROLOL FUMARATE,COCCc1ccc(OCC(O)CNC(C)C)cc1.COCCc1ccc(OCC(O)CNC(C)C)cc1.O=C(O)/C=C/C(=O)O,CHEMBL3989566,1989.0,Small molecule,,0,False,0,True,0,True,False,False,650.377845928
METOPROLOL SUCCINATE,COCCc1ccc(OCC(O)CNC(C)C)cc1.COCCc1ccc(OCC(O)CNC(C)C)cc1.O=C(O)CCC(=O)O,CHEMBL2356097,1992.0,Small molecule,,0,False,0,True,0,True,False,False,652.393495992
ALATROFLOXACIN MESYLATE,CS(=O)(=O)O.C[C@H](N)C(=O)N[C@@H](C)C(=O)N[C@H]1[C@@H]2CN(c3nc4c(cc3F)c(=O)c(C(=O)O)cn4-c3ccc(F)cc3F)C[C@@H]21,CHEMBL1200498,1997.0,Small molecule,Antibacterial,0,True,0,True,0,False,True,False,654.171967548
DEFEROXAMINE MESYLATE,CC(=O)N(O)CCCCCNC(=O)CCC(=O)N(O)CCCCCNC(=O)CCC(=O)N(O)CCCCCN.CS(=O)(=O)O,CHEMBL1234,1968.0,Small molecule,Antidote (to iron poisoning); Chelating Agent,0,False,0,True,0,False,True,False,656.3414774840002
INFIGRATINIB PHOSPHATE,CCN1CCN(c2ccc(Nc3cc(N(C)C(=O)Nc4c(Cl)c(OC)cc(OC)c4Cl)ncn3)cc2)CC1.O=P(O)(O)O,CHEMBL1834657,2021.0,Small molecule,,0,False,0,True,0,True,False,False,657.1634384180002
CARPHENAZINE MALEATE,CCC(=O)c1ccc2c(c1)N(CCCN1CCN(CCO)CC1)c1ccccc1S2.O=C(O)/C=C\C(=O)O.O=C(O)/C=C\C(=O)O,CHEMBL2358147,1982.0,Small molecule,Antipsychotic,0,False,0,True,0,True,False,False,657.235615448
PIPERAZINE CITRATE,C1CNCCN1.C1CNCCN1.C1CNCCN1.O.O=C(O)CC(O)(CC(=O)O)C(=O)O.O=C(O)CC(O)(CC(=O)O)C(=O)O,CHEMBL3989678,1954.0,Small molecule,,0,False,0,True,0,True,False,False,660.3177648359999
NELFINAVIR MESYLATE,CS(=O)(=O)O.Cc1c(O)cccc1C(=O)N[C@@H](CSc1ccccc1)[C@H](O)CN1C[C@H]2CCCC[C@H]2C[C@H]1C(=O)NC(C)(C)C,CHEMBL1205,1997.0,Small molecule,Antiviral,0,False,0,True,0,True,False,False,663.3011929080001
PACRITINIB CITRATE,C1=C/COCc2cc(ccc2OCCN2CCCC2)Nc2nccc(n2)-c2cccc(c2)COC/1.O=C(O)CC(O)(CC(=O)O)C(=O)O,CHEMBL5095049,2022.0,Small molecule,,0,False,0,True,1,True,False,False,664.2744434800001
SILDENAFIL CITRATE,CCCc1nn(C)c2c(=O)[nH]c(-c3cc(S(=O)(=O)N4CCN(C)CC4)ccc3OCC)nc12.O=C(O)CC(O)(CC(=O)O)C(=O)O,CHEMBL1737,1998.0,Small molecule,Impotence Therapy,0,False,0,True,0,True,True,False,666.2319270360001
THIETHYLPERAZINE MALATE,CCSc1ccc2c(c1)N(CCCN1CCN(C)CC1)c1ccccc1S2.O=C(O)CC(O)C(=O)O.O=C(O)CC(O)C(=O)O,CHEMBL2359670,1961.0,Small molecule,,0,False,0,True,0,False,True,False,667.223336512
BEDAQUILINE FUMARATE,COc1nc2ccc(Br)cc2cc1[C@@H](c1ccccc1)[C@@](O)(CCN(C)C)c1cccc2ccccc12.O=C(O)/C=C/C(=O)O,CHEMBL2105700,2012.0,Small molecule,,0,False,0,True,0,True,False,False,670.1678489400001
ABACAVIR SULFATE,Nc1nc(NC2CC2)c2ncn([C@H]3C=C[C@@H](CO)C3)c2n1.Nc1nc(NC2CC2)c2ncn([C@H]3C=C[C@@H](CO)C3)c2n1.O=S(=O)(O)O,CHEMBL4303288,1998.0,Small molecule,,0,False,0,True,0,True,False,False,670.2757979360003
NERATINIB MALEATE,CCOc1cc2ncc(C#N)c(Nc3ccc(OCc4ccccn4)c(Cl)c3)c2cc1NC(=O)/C=C/CN(C)C.O=C(O)/C=C\C(=O)O,CHEMBL3989921,2017.0,Small molecule,,0,False,0,True,0,True,False,False,672.2099250760002
TRIMETHOPRIM SULFATE,COc1cc(Cc2cnc(N)nc2N)cc(OC)c1OC.COc1cc(Cc2cnc(N)nc2N)cc(OC)c1OC.O=S(=O)(O)O,CHEMBL2110367,1988.0,Small molecule,,0,False,0,True,0,False,False,True,678.2431604160003
DIHYDROERGOTAMINE MESYLATE,CN1C[C@H](C(=O)N[C@]2(C)O[C@@]3(O)[C@@H]4CCCN4C(=O)[C@H](Cc4ccccc4)N3C2=O)C[C@@H]2c3cccc4[nH]cc(c34)C[C@H]21.CS(=O)(=O)O,CHEMBL1200517,1946.0,Small molecule,Anti-Adrenergic,0,False,0,True,1,False,True,True,679.2675842720002
PENBUTOLOL SULFATE,CC(C)(C)NC[C@H](O)COc1ccccc1C1CCCC1.CC(C)(C)NC[C@H](O)COc1ccccc1C1CCCC1.O=S(=O)(O)O,CHEMBL2361370,1987.0,Small molecule,,0,False,0,True,0,True,False,False,680.4070378800002
SONIDEGIB PHOSPHATE,Cc1c(C(=O)Nc2ccc(N3C[C@@H](C)O[C@@H](C)C3)nc2)cccc1-c1ccc(OC(F)(F)F)cc1.O=P(O)(O)O.O=P(O)(O)O,CHEMBL3137317,2015.0,Small molecule,,0,False,0,True,0,True,False,False,681.1464167640002
METOPROLOL TARTRATE,COCCc1ccc(OCC(O)CNC(C)C)cc1.COCCc1ccc(OCC(O)CNC(C)C)cc1.O=C(O)C(O)C(O)C(=O)O,CHEMBL2062335,1978.0,Small molecule,,0,False,0,True,0,True,True,False,684.3833252320001
OMEGA-3-ACID ETHYL ESTERS,CC/C=C\C/C=C\C/C=C\C/C=C\C/C=C\C/C=C\CCC(=O)OCC.CC/C=C\C/C=C\C/C=C\C/C=C\C/C=C\CCCC(=O)OCC,CHEMBL1200711,2004.0,Small molecule,,0,False,0,True,0,True,False,False,686.52741072
PLAZOMICIN SULFATE,CN[C@@H]1[C@@H](O)[C@@H](O[C@@H]2[C@@H](O)[C@H](O[C@H]3OC(CNCCO)=CC[C@H]3N)[C@@H](N)C[C@H]2NC(=O)[C@@H](O)CCN)OC[C@]1(C)O.O=S(=O)(O)O,CHEMBL2364623,2018.0,Small molecule,,0,False,0,True,1,False,True,False,690.3105712800002
TRAMETINIB DIMETHYL SULFOXIDE,CC(=O)Nc1cccc(-n2c(=O)n(C3CC3)c(=O)c3c(Nc4ccc(I)cc4F)n(C)c(=O)c(C)c32)c1.C[S+](C)[O-],CHEMBL2105741,2013.0,Small molecule,,0,False,0,True,1,True,False,False,693.0918162480002
MECLOCYCLINE SULFOSALICYLATE,C=C1c2c(Cl)ccc(O)c2C(=O)C2=C(O)[C@]3(O)C(=O)C(C(N)=O)=C(O)[C@@H](N(C)C)[C@@H]3[C@@H](O)[C@H]12.O=C(O)c1cc(S(=O)(=O)O)ccc1O,CHEMBL261772,1982.0,Small molecule,Antibacterial,0,False,0,True,1,False,False,True,694.087152224
PYRETHRINS,C=C/C=C\CC1=C(C)[C@@H](OC(=O)[C@@H]2[C@@H](/C=C(\C)C(=O)OC)C2(C)C)CC1=O.C=C/C=C\CC1=C(C)[C@@H](OC(=O)[C@@H]2[C@@H](C=C(C)C)C2(C)C)CC1=O,CHEMBL2096637,2000.0,Small molecule,,0,False,0,True,0,False,False,True,700.3975187519999
MOBOCERTINIB SUCCINATE,C=CC(=O)Nc1cc(Nc2ncc(C(=O)OC(C)C)c(-c3cn(C)c4ccccc34)n2)c(OC)cc1N(C)CCN(C)C.O=C(O)CCC(=O)O,CHEMBL4802239,2021.0,Small molecule,,0,False,0,True,0,True,False,False,703.3329614000002
FOSTEMSAVIR TROMETHAMINE,COc1cnc(-n2cnc(C)n2)c2c1c(C(=O)C(=O)N1CCN(C(=O)c3ccccc3)CC1)cn2COP(=O)(O)O.NC(CO)(CO)CO,CHEMBL3301598,2020.0,Small molecule,,0,False,0,True,0,True,False,False,704.2319406340001
PEMETREXED TROMETHAMINE,NC(CO)(CO)CO.NC(CO)(CO)CO.Nc1nc(=O)c2c(CCc3ccc(C(=O)N[C@@H](CCC(=O)O)C(=O)O)cc3)c[nH]c2[nH]1.O.O,CHEMBL3989962,2022.0,Small molecule,,0,False,0,True,0,False,True,False,705.318099184
INDINAVIR SULFATE,CC(C)(C)NC(=O)[C@@H]1CN(Cc2cccnc2)CCN1C[C@@H](O)C[C@@H](Cc1ccccc1)C(=O)N[C@H]1c2ccccc2C[C@H]1O.O=S(=O)(O)O,CHEMBL1735,1996.0,Small molecule,Antiviral,0,False,0,True,0,True,False,False,711.3301845280002
RANITIDINE BISMUTH CITRATE,CNC(=C[N+](=O)[O-])NCCSCc1ccc(CN(C)C)o1.O=C([O-])CC(O)(CC(=O)[O-])C(=O)[O-].[Bi+3],CHEMBL2111286,1996.0,Small molecule,Antagonist (to histamine-H2 receptors),0,False,0,True,0,True,False,False,712.1251877639997
PAROMOMYCIN SULFATE,NC[C@@H]1O[C@H](O[C@H]2[C@@H](O)[C@H](O[C@@H]3[C@@H](O)[C@H](N)C[C@H](N)[C@H]3O[C@H]3O[C@H](CO)[C@@H](O)[C@H](O)[C@H]3N)O[C@@H]2CO)[C@H](N)[C@@H](O)[C@@H]1O.O=S(=O)(O)O,CHEMBL2206196,1969.0,Small molecule,Anti-Amebic,0,False,0,True,1,True,False,False,713.263680664
AFATINIB DIMALEATE,CN(C)C/C=C/C(=O)Nc1cc2c(Nc3ccc(F)c(Cl)c3)ncnc2cc1O[C@H]1CCOC1.O=C(O)/C=C\C(=O)O.O=C(O)/C=C\C(=O)O,CHEMBL2105712,2013.0,Small molecule,,0,False,0,True,0,True,False,False,717.1849127760001
OLANZAPINE PAMOATE,Cc1cc2c(s1)Nc1ccccc1N=C2N1CCN(C)CC1.O.O=C(O)c1cc2ccccc2c(Cc2c(O)c(C(=O)O)cc3ccccc23)c1O,CHEMBL3989694,2009.0,Small molecule,,0,False,0,True,0,False,True,False,718.246120556
EDOXABAN TOSYLATE,CN1CCc2nc(C(=O)N[C@@H]3C[C@@H](C(=O)N(C)C)CC[C@@H]3NC(=O)C(=O)Nc3ccc(Cl)cn3)sc2C1.Cc1ccc(S(=O)(=O)O)cc1,CHEMBL2105682,2015.0,Small molecule,,0,False,0,True,0,True,False,False,719.1962662360002
DAUNORUBICIN CITRATE,COc1cccc2c1C(=O)c1c(O)c3c(c(O)c1C2=O)C[C@@](O)(C(C)=O)C[C@@H]3O[C@H]1C[C@H](N)[C@H](O)[C@H](C)O1.O=C(O)CC(O)(CC(=O)O)C(=O)O,CHEMBL1200475,1996.0,Small molecule,,0,False,0,True,1,False,True,False,719.2061487240001
DABIGATRAN ETEXILATE MESYLATE,CCCCCCOC(=O)NC(=N)c1ccc(NCc2nc3cc(C(=O)N(CCC(=O)OCC)c4ccccn4)ccc3n2C)cc1.CS(=O)(=O)O,CHEMBL1615369,2010.0,Small molecule,,0,False,0,True,0,True,False,False,723.3050324000001
OMADACYCLINE TOSYLATE,CN(C)c1cc(CNCC(C)(C)C)c(O)c2c1C[C@H]1C[C@H]3[C@H](N(C)C)C(O)=C(C(N)=O)C(=O)[C@@]3(O)C(O)=C1C2=O.Cc1ccc(S(=O)(=O)O)cc1,CHEMBL2103854,2018.0,Small molecule,,0,False,0,True,1,True,True,False,728.309114736
NALOXEGOL OXALATE,C=CCN1CC[C@]23c4c5ccc(O)c4O[C@H]2[C@@H](OCCOCCOCCOCCOCCOCCOCCOC)CC[C@@]3(O)[C@H]1C5.O=C(O)C(=O)O,CHEMBL2219416,2014.0,Small molecule,,0,False,0,True,1,True,False,False,741.3571700599999
NALDEMEDINE TOSYLATE,CC(C)(NC(=O)C1=C(O)[C@@H]2Oc3c(O)ccc4c3[C@@]23CCN(CC2CC2)[C@H](C4)[C@]3(O)C1)c1nc(-c2ccccc2)no1.Cc1ccc(S(=O)(=O)O)cc1,CHEMBL3039508,2017.0,Small molecule,,0,False,0,True,1,True,False,False,742.2672499240002
UMBRALISIB TOSYLATE,CC(C)Oc1ccc(-c2nn([C@@H](C)c3oc4ccc(F)cc4c(=O)c3-c3cccc(F)c3)c3ncnc(N)c23)cc1F.Cc1ccc(S(=O)(=O)O)cc1,CHEMBL3989869,2021.0,Small molecule,,0,False,0,True,0,True,False,False,743.2025394040002
TRIMEPRAZINE TARTRATE,CC(CN(C)C)CN1c2ccccc2Sc2ccccc21.CC(CN(C)C)CN1c2ccccc2Sc2ccccc21.O=C(O)C(O)C(O)C(=O)O,CHEMBL3989885,1982.0,Small molecule,,0,False,0,True,0,True,False,False,746.3171773200003
BROMOCRIPTINE MESYLATE,CC(C)C[C@H]1C(=O)N2CCC[C@H]2[C@]2(O)O[C@](NC(=O)[C@@H]3C=C4c5cccc6[nH]c(Br)c(c56)C[C@H]4N(C)C3)(C(C)C)C(=O)N12.CS(=O)(=O)O,CHEMBL1200503,1978.0,Small molecule,Enzyme Inhibitor (prolactin),0,False,0,True,1,True,False,False,749.2093964680003
CODEINE SULFATE,COc1ccc2c3c1O[C@H]1[C@@H](O)C=C[C@H]4[C@@H](C2)N(C)CC[C@@]341.COc1ccc2c3c1O[C@H]1[C@@H](O)C=C[C@H]4[C@@H](C2)N(C)CC[C@@]341.O.O.O.O=S(=O)(O)O,CHEMBL4297091,2009.0,Small molecule,,0,False,0,True,1,True,False,False,750.3033606600002
TELOTRISTAT ETIPRATE,CCOC(=O)[C@@H](N)Cc1ccc(-c2cc(O[C@H](c3ccc(Cl)cc3-n3ccc(C)n3)C(F)(F)F)nc(N)n2)cc1.O=C(O)CNC(=O)c1ccccc1,CHEMBL3348963,2017.0,Small molecule,,0,False,0,True,0,True,False,False,753.2289441800001
MORPHINE SULFATE,CN1CC[C@]23c4c5ccc(O)c4O[C@H]2[C@@H](O)C=C[C@H]3[C@H]1C5.CN1CC[C@]23c4c5ccc(O)c4O[C@H]2[C@@H](O)C=C[C@H]3[C@H]1C5.O.O.O.O.O.O=S(=O)(O)O,CHEMBL2103744,1984.0,Small molecule,Analgesic (narcotic),0,False,0,True,1,True,True,False,758.2931899000002
CEFTAROLINE FOSAMIL ACETATE,CC(=O)O.CCO/N=C(\C(=O)N[C@@H]1C(=O)N2C(C(=O)[O-])=C(Sc3nc(-c4cc[n+](C)cc4)cs3)CS[C@H]12)c1nsc(NP(=O)(O)O)n1.O,CHEMBL3544973,2010.0,Small molecule,,0,False,0,True,1,False,True,False,762.0419743140001
HYDROXYZINE PAMOATE,O=C(O)c1cc2ccccc2c(Cc2c(O)c(C(=O)O)cc3ccccc23)c1O.OCCOCCN1CCN(C(c2ccccc2)c2ccc(Cl)cc2)CC1,CHEMBL1200467,1959.0,Small molecule,Tranquilizer (minor),0,False,0,True,0,True,False,False,762.270794016
VALBENAZINE TOSYLATE,COc1cc2c(cc1OC)[C@H]1C[C@@H](OC(=O)[C@@H](N)C(C)C)[C@H](CC(C)C)CN1CC2.Cc1ccc(S(=O)(=O)O)cc1.Cc1ccc(S(=O)(=O)O)cc1,CHEMBL3707248,2017.0,Small molecule,,0,False,0,True,0,True,False,False,762.3219879280001
CEFTOLOZANE SULFATE,Cn1c(N)c(NC(=O)NCCN)c[n+]1CC1=C(C(=O)O)N2C(=O)[C@@H](NC(=O)/C(=N\OC(C)(C)C(=O)[O-])c3nsc(N)n3)[C@H]2SC1.O=S(=O)(O)O,CHEMBL1213250,2014.0,Small molecule,,0,False,0,True,1,False,True,False,764.1424774640001
AVATROMBOPAG MALEATE,O=C(Nc1nc(-c2cc(Cl)cs2)c(N2CCN(C3CCCCC3)CC2)s1)c1cnc(N2CCC(C(=O)O)CC2)c(Cl)c1.O=C(O)/C=C\C(=O)O,CHEMBL2105758,2018.0,Small molecule,,0,False,0,True,0,True,False,False,764.1620449160004
ZOLPIDEM TARTRATE,Cc1ccc(-c2nc3ccc(C)cn3c2CC(=O)N(C)C)cc1.Cc1ccc(-c2nc3ccc(C)cn3c2CC(=O)N(C)C)cc1.O=C(O)C(O)C(O)C(=O)O,CHEMBL3989820,1992.0,Small molecule,,0,False,0,True,0,True,False,True,764.3533624960002
SAQUINAVIR MESYLATE,CC(C)(C)NC(=O)[C@@H]1C[C@@H]2CCCC[C@@H]2CN1C[C@@H](O)[C@H](Cc1ccccc1)NC(=O)[C@H](CC(N)=O)NC(=O)c1ccc2ccccc2n1.CS(=O)(=O)O,CHEMBL282042,1995.0,Small molecule,Antiviral,0,False,0,True,0,True,False,False,766.3723836880001
BISOPROLOL FUMARATE,CC(C)NCC(O)COc1ccc(COCCOC(C)C)cc1.CC(C)NCC(O)COc1ccc(COCCOC(C)C)cc1.O=C(O)/C=C/C(=O)O,CHEMBL1472989,1992.0,Small molecule,,0,False,0,True,0,True,False,False,766.4615755520001
VILANTEROL TRIFENATATE,O=C(O)C(c1ccccc1)(c1ccccc1)c1ccccc1.OCc1cc([C@@H](O)CNCCCCCCOCCOCc2c(Cl)cccc2Cl)ccc1O,CHEMBL1084172,2013.0,Small molecule,,0,False,0,True,0,False,False,True,773.2886082680001
AMIKACIN SULFATE,NCC[C@H](O)C(=O)N[C@@H]1C[C@H](N)[C@@H](O[C@H]2O[C@H](CN)[C@@H](O)[C@H](O)[C@H]2O)[C@H](O)[C@H]1O[C@H]1O[C@H](CO)[C@@H](O)[C@H](N)[C@H]1O.O=S(=O)(O)O.O=S(=O)(O)O,CHEMBL4208954,1981.0,Small molecule,,0,False,0,True,1,False,True,False,781.2204955240001
QUININE SULFATE,C=C[C@H]1CN2CC[C@H]1C[C@H]2[C@H](O)c1ccnc2ccc(OC)cc12.C=C[C@H]1CN2CC[C@H]1C[C@H]2[C@H](O)c1ccnc2ccc(OC)cc12.O.O.O=S(=O)(O)O,CHEMBL2359966,2005.0,Small molecule,Antimalarial,0,False,0,True,1,True,False,False,782.3560649280004
QUINIDINE SULFATE,C=C[C@H]1CN2CC[C@H]1C[C@@H]2[C@@H](O)c1ccnc2ccc(OC)cc12.C=C[C@H]1CN2CC[C@H]1C[C@@H]2[C@@H](O)c1ccnc2ccc(OC)cc12.O.O.O=S(=O)(O)O,CHEMBL3707183,1962.0,Small molecule,Cardiac Depressant (anti-arrhythmic),0,False,0,True,1,True,False,False,782.3560649280004
LOMITAPIDE MESYLATE,CS(=O)(=O)O.O=C(NC1CCN(CCCCC2(C(=O)NCC(F)(F)F)c3ccccc3-c3ccccc32)CC1)c1ccccc1-c1ccc(C(F)(F)F)cc1,CHEMBL2105662,2012.0,Small molecule,,0,False,0,True,0,True,False,False,789.2671117320001
OXYCODONE TEREPHTHALATE,COc1ccc2c3c1O[C@H]1C(=O)CC[C@@]4(O)[C@@H](C2)N(C)CC[C@]314.COc1ccc2c3c1O[C@H]1C(=O)CC[C@@]4(O)[C@@H](C2)N(C)CC[C@]314.O=C(O)c1ccc(C(=O)O)cc1,CHEMBL3989826,1950.0,Small molecule,,0,False,0,True,1,True,False,False,796.320724976
ATAZANAVIR SULFATE,COC(=O)N[C@H](C(=O)N[C@@H](Cc1ccccc1)[C@@H](O)CN(Cc1ccc(-c2ccccn2)cc1)NC(=O)[C@@H](NC(=O)OC)C(C)(C)C)C(C)(C)C.O=S(=O)(O)O,CHEMBL1200678,2003.0,Small molecule,,0,False,0,True,0,True,False,False,802.3571275480003
MONOCTANOIN,CCCCCCCC(=O)OCC(CO)OC(=O)CCCCCCC.CCCCCCCC(=O)OCC(O)CO.CCCCCCCCCC(=O)OCC(O)CO,CHEMBL3304484,1985.0,Small molecule,,0,False,0,True,0,False,True,False,808.591192748
ISAVUCONAZONIUM SULFATE,CNCC(=O)OCc1cccnc1N(C)C(=O)OC(C)[n+]1cnn(C[C@](O)(c2cc(F)ccc2F)[C@@H](C)c2nc(-c3ccc(C#N)cc3)cs2)c1.O=S(=O)([O-])O,CHEMBL3137333,2015.0,Small molecule,,0,False,0,True,0,True,True,False,814.2014731720002
TACROLIMUS,C=CC[C@@H]1/C=C(\C)C[C@H](C)C[C@H](OC)[C@H]2O[C@@](O)(C(=O)C(=O)N3CCCC[C@H]3C(=O)O[C@H](/C(C)=C/[C@@H]3CC[C@@H](O)[C@H](OC)C3)[C@H](C)[C@@H](O)CC1=O)[C@H](C)C[C@@H]2OC.O,CHEMBL3989887,1994.0,Small molecule,,0,False,0,True,1,True,True,True,821.4925413320002
ERIBULIN MESYLATE,C=C1C[C@@H]2CC[C@@]34C[C@H]5O[C@H]6[C@@H](O3)[C@H]3O[C@H](CC[C@@H]3O[C@H]6[C@H]5O4)CC(=O)C[C@@H]3[C@@H](OC)[C@@H](C[C@H](O)CN)O[C@H]3C[C@H]3O[C@@H](CC[C@@H]1O2)C[C@@H](C)C3=C.CS(=O)(=O)O,CHEMBL1683544,2010.0,Small molecule,,0,False,0,True,1,False,True,False,825.396926696
FORMOTEROL FUMARATE,COc1ccc(CC(C)NCC(O)c2ccc(O)c(NC=O)c2)cc1.COc1ccc(CC(C)NCC(O)c2ccc(O)c(NC=O)c2)cc1.O.O.O=C(O)/C=C/C(=O)O,CHEMBL3989798,2001.0,Small molecule,,0,False,0,True,0,False,False,True,840.3793024720002
ESOMEPRAZOLE STRONTIUM,COc1ccc2[n-]c([S@@+]([O-])Cc3ncc(C)c(OC)c3C)nc2c1.COc1ccc2[n-]c([S@@+]([O-])Cc3ncc(C)c(OC)c3C)nc2c1.O.O.O.O.[Sr+2],CHEMBL2146140,2013.0,Small molecule,,0,False,0,True,0,True,False,False,848.1616457080002
DOCETAXEL,CC(=O)O[C@@]12CO[C@@H]1C[C@H](O)[C@@]1(C)C(=O)[C@H](O)C3=C(C)[C@@H](OC(=O)[C@H](O)[C@@H](NC(=O)OC(C)(C)C)c4ccccc4)C[C@@](O)([C@@H](OC(=O)c4ccccc4)[C@H]21)C3(C)C.O.O.O,CHEMBL3545252,1996.0,Small molecule,Antineoplastic,0,False,0,True,1,False,True,False,861.3782994280002
LASMIDITAN SUCCINATE,CN1CCC(C(=O)c2cccc(NC(=O)c3c(F)cc(F)cc3F)n2)CC1.CN1CCC(C(=O)c2cccc(NC(=O)c3c(F)cc(F)cc3F)n2)CC1.O=C(O)CCC(=O)O,CHEMBL3039526,2020.0,Small molecule,,0,False,0,True,0,True,False,False,872.2968316240002
QUETIAPINE FUMARATE,O=C(O)/C=C/C(=O)O.OCCOCCN1CCN(C2=Nc3ccccc3Sc3ccccc32)CC1.OCCOCCN1CCN(C2=Nc3ccccc3Sc3ccccc32)CC1,CHEMBL3188993,1997.0,Small molecule,,0,False,0,True,0,True,False,False,882.3444546879999
IBUTILIDE FUMARATE,CCCCCCCN(CC)CCCC(O)c1ccc(NS(C)(=O)=O)cc1.CCCCCCCN(CC)CCCC(O)c1ccc(NS(C)(=O)=O)cc1.O=C(O)/C=C/C(=O)O,CHEMBL2355456,1995.0,Small molecule,,0,False,0,True,0,False,True,False,884.5002866320002
CHLORHEXIDINE GLUCONATE,N=C(NCCCCCCNC(=N)NC(=N)Nc1ccc(Cl)cc1)NC(=N)Nc1ccc(Cl)cc1.O=C(O)[C@H](O)[C@@H](O)[C@H](O)[C@H](O)CO.O=C(O)[C@H](O)[C@@H](O)[C@H](O)[C@H](O)CO,CHEMBL4297088,1976.0,Small molecule,,0,True,0,True,0,False,False,True,896.3198017680004
MONOCTANOIN,CCCCCCCC(=O)OCC(CO)OC(=O)CCCCCCC.CCCCCCCC(=O)OCC(O)CO.CCCCCCCCCC(=O)OCC(O)CO.OCC(O)CO,CHEMBL3301678,1985.0,Small molecule,Anticholelithic (dissolution of gallstones),0,False,0,True,0,False,True,False,900.6385368640001
VINBLASTINE SULFATE,CC[C@]1(O)C[C@@H]2CN(CCc3c([nH]c4ccccc34)[C@@](C(=O)OC)(c3cc4c(cc3OC)N(C)[C@H]3[C@@](O)(C(=O)OC)[C@H](OC(C)=O)[C@]5(CC)C=CCN6CC[C@]43[C@@H]65)C2)C1.O=S(=O)(O)O,CHEMBL378544,1965.0,Small molecule,Antineoplastic,0,False,0,True,1,False,True,False,908.3877589800001
IBREXAFUNGERP CITRATE,CC(C)[C@@H](C)[C@@]1(C)CC[C@]2(C)[C@H]3CC[C@@H]4[C@@]5(COC[C@@]4(C)[C@@H](OC[C@](C)(N)C(C)(C)C)[C@H](n4ncnc4-c4ccncc4)C5)C3=CC[C@@]2(C)[C@@H]1C(=O)O.O=C(O)CC(O)(CC(=O)O)C(=O)O,CHEMBL4298168,2021.0,Small molecule,,0,False,0,True,0,True,False,False,921.5463082200004
VINCRISTINE SULFATE,CC[C@]1(O)C[C@H]2CN(CCc3c([nH]c4ccccc34)[C@@](C(=O)OC)(c3cc4c(cc3OC)N(C=O)[C@H]3[C@@](O)(C(=O)OC)[C@H](OC(C)=O)[C@]5(CC)C=CCN6CC[C@]43[C@@H]65)C2)C1.O=S(=O)(O)O,CHEMBL501867,1963.0,Small molecule,Antineoplastic,0,False,0,True,1,False,True,False,922.3670235360001
LAPATINIB DITOSYLATE,CS(=O)(=O)CCNCc1ccc(-c2ccc3ncnc(Nc4ccc(OCc5cccc(F)c5)c(Cl)c4)c3c2)o1.Cc1ccc(S(=O)(=O)O)cc1.Cc1ccc(S(=O)(=O)O)cc1.O,CHEMBL1201179,2007.0,Small molecule,,0,False,0,True,0,True,False,False,942.1841271280003
IMIPRAMINE PAMOATE,CN(C)CCCN1c2ccccc2CCc2ccccc21.CN(C)CCCN1c2ccccc2CCc2ccccc21.O=C(O)c1cc2ccccc2c(Cc2c(O)c(C(=O)O)cc3ccccc23)c1O,CHEMBL3989845,1973.0,Small molecule,,0,False,0,True,0,True,False,False,948.4825857680003
ELIGLUSTAT TARTRATE,CCCCCCCC(=O)N[C@H](CN1CCCC1)[C@H](O)c1ccc2c(c1)OCCO2.CCCCCCCC(=O)N[C@H](CN1CCCC1)[C@H](O)c1ccc2c(c1)OCCO2.O=C(O)C(O)C(O)C(=O)O,CHEMBL4297066,2014.0,Small molecule,,0,False,0,True,0,True,False,False,958.5514531760002
ERYTHROMYCIN GLUCEPTATE,CC[C@H]1OC(=O)[C@H](C)[C@@H](O[C@H]2C[C@@](C)(OC)[C@@H](O)[C@H](C)O2)[C@H](C)[C@@H](O[C@@H]2O[C@H](C)C[C@H](N(C)C)[C@H]2O)[C@](C)(O)C[C@@H](C)C(=O)[C@H](C)[C@@H](O)[C@]1(C)O.O=C(O)[C@H](O)[C@H](O)[C@@H](O)[C@H](O)[C@H](O)CO,CHEMBL3545060,1982.0,Small molecule,Antibacterial,0,False,0,True,1,False,True,False,959.5301086120003
PENICILLIN G BENZATHINE,CC1(C)S[C@@H]2[C@H](NC(=O)Cc3ccccc3)C(=O)N2[C@H]1C(=O)O.CC1(C)S[C@@H]2[C@H](NC(=O)Cc3ccccc3)C(=O)N2[C@H]1C(=O)O.O.O.O.O.c1ccc(CNCCNCc2ccccc2)cc1,CHEMBL3989515,1952.0,Small molecule,,0,False,0,True,1,True,True,False,980.4023634880001
FOSAPREPITANT DIMEGLUMINE,CNC[C@H](O)[C@@H](O)[C@H](O)[C@H](O)CO.CNC[C@H](O)[C@@H](O)[C@H](O)[C@H](O)CO.C[C@@H](O[C@H]1OCCN(Cc2nn(P(=O)(O)O)c(=O)[nH]2)[C@H]1c1ccc(F)cc1)c1cc(C(F)(F)F)cc(C(F)(F)F)c1,CHEMBL1201782,2008.0,Small molecule,,0,False,0,True,0,False,True,False,1004.337863882
PIMAVANSERIN TARTRATE,CC(C)COc1ccc(CNC(=O)N(Cc2ccc(F)cc2)C2CCN(C)CC2)cc1.CC(C)COc1ccc(CNC(=O)N(Cc2ccc(F)cc2)C2CCN(C)CC2)cc1.O=C(O)C(O)C(O)C(=O)O,CHEMBL2448613,2016.0,Small molecule,,0,False,0,True,0,True,False,False,1004.5434490080002
ERYTHROMYCIN STEARATE,CCCCCCCCCCCCCCCCCC(=O)O.CC[C@H]1OC(=O)[C@H](C)[C@@H](O[C@H]2C[C@@](C)(OC)[C@@H](O)[C@H](C)O2)[C@H](C)[C@@H](O[C@@H]2O[C@H](C)C[C@H](N(C)C)[C@H]2O)[C@](C)(O)C[C@@H](C)C(=O)[C@H](C)[C@@H](O)[C@]1(C)O,CHEMBL1200510,1964.0,Small molecule,Antibacterial,0,False,0,True,1,True,False,False,1017.7327715960001
DOXYCYCLINE HYCLATE,CCO.C[C@H]1c2cccc(O)c2C(=O)C2=C(O)[C@]3(O)C(=O)C(C(N)=O)=C(O)[C@@H](N(C)C)[C@@H]3[C@@H](O)[C@@H]21.C[C@H]1c2cccc(O)c2C(=O)C2=C(O)[C@]3(O)C(=O)C(C(N)=O)=C(O)[C@@H](N(C)C)[C@@H]3[C@@H](O)[C@@H]21.Cl.Cl.O,CHEMBL3989740,1967.0,Small molecule,,0,False,0,True,1,True,True,True,1024.3123163760001
MITAPIVAT SULFATE,O.O.O.O=C(c1ccc(NS(=O)(=O)c2cccc3cccnc23)cc1)N1CCN(CC2CC2)CC1.O=C(c1ccc(NS(=O)(=O)c2cccc3cccnc23)cc1)N1CCN(CC2CC2)CC1.O=S(=O)(O)O,CHEMBL4297223,2022.0,Small molecule,,0,False,0,True,0,True,False,False,1052.3441969800003
ERYTHROMYCIN ESTOLATE,CCC(=O)O[C@H]1[C@H](O[C@@H]2[C@@H](C)[C@H](O[C@H]3C[C@@](C)(OC)[C@@H](O)[C@H](C)O3)[C@@H](C)C(=O)O[C@H](CC)[C@@](C)(O)[C@H](O)[C@@H](C)C(=O)[C@H](C)C[C@@]2(C)O)O[C@H](C)C[C@@H]1N(C)C.CCCCCCCCCCCCOS(=O)(=O)O,CHEMBL2218877,1967.0,Small molecule,Antibacterial,0,False,0,True,1,True,False,False,1055.6426362640002
TENOFOVIR ALAFENAMIDE FUMARATE,CC(C)OC(=O)[C@H](C)N[P@](=O)(CO[C@H](C)Cn1cnc2c(N)ncnc21)Oc1ccccc1.CC(C)OC(=O)[C@H](C)N[P@](=O)(CO[C@H](C)Cn1cnc2c(N)ncnc21)Oc1ccccc1.O=C(O)/C=C/C(=O)O,CHEMBL2364637,2015.0,Small molecule,,0,False,0,True,1,True,False,False,1068.398367924
VINORELBINE TARTRATE,CCC1=C[C@@H]2CN(C1)Cc1c([nH]c3ccccc13)[C@@](C(=O)OC)(c1cc3c(cc1OC)N(C)[C@H]1[C@@](O)(C(=O)OC)[C@H](OC(C)=O)[C@]4(CC)C=CCN5CC[C@]31[C@@H]54)C2.O=C(O)C(O)C(O)C(=O)O.O=C(O)C(O)C(O)C(=O)O,CHEMBL538943,1994.0,Small molecule,Antineoplastic,0,False,0,True,1,False,True,False,1078.4270405120003
ERYTHROMYCIN LACTOBIONATE,CC[C@H]1OC(=O)[C@H](C)[C@@H](O[C@H]2C[C@@](C)(OC)[C@@H](O)[C@H](C)O2)[C@H](C)[C@@H](O[C@@H]2O[C@H](C)C[C@H](N(C)C)[C@H]2O)[C@](C)(O)C[C@@H](C)C(=O)[C@H](C)[C@@H](O)[C@]1(C)O.O=C(O)[C@H](O)[C@@H](O)[C@H](O[C@@H]1O[C@H](CO)[C@H](O)[C@H](O)[C@H]1O)[C@H](O)CO,CHEMBL1200506,1964.0,Small molecule,Antibacterial,0,False,0,True,1,False,True,False,1091.5723673480004
SIPONIMOD FUMARATE,CCc1cc(/C(C)=N/OCc2ccc(C3CCCCC3)c(C(F)(F)F)c2)ccc1CN1CC(C(=O)O)C1.CCc1cc(/C(C)=N/OCc2ccc(C3CCCCC3)c(C(F)(F)F)c2)ccc1CN1CC(C(=O)O)C1.O=C(O)/C=C/C(=O)O,CHEMBL4298150,2019.0,Small molecule,,0,False,0,True,0,True,False,False,1148.530913888
PYRVINIUM PAMOATE,Cc1cc(/C=C/c2ccc3cc(N(C)C)ccc3[n+]2C)c(C)n1-c1ccccc1.Cc1cc(/C=C/c2ccc3cc(N(C)C)ccc3[n+]2C)c(C)n1-c1ccccc1.O=C([O-])c1cc2ccccc2c(Cc2c(O)c(C(=O)[O-])cc3ccccc23)c1O,CHEMBL1908377,1982.0,Small molecule,Anthelmintic,0,False,0,True,0,True,False,False,1150.53568396
COBIMETINIB FUMARATE,O=C(O)/C=C/C(=O)O.O=C(c1ccc(F)c(F)c1Nc1ccc(I)cc1F)N1CC(O)([C@@H]2CCCCN2)C1.O=C(c1ccc(F)c(F)c1Nc1ccc(I)cc1F)N1CC(O)([C@@H]2CCCCN2)C1,CHEMBL2364607,2015.0,Small molecule,,0,False,0,True,0,True,False,False,1178.1370777519999
CASPOFUNGIN ACETATE,CC(=O)O.CC(=O)O.CCC(C)CC(C)CCCCCCCCC(=O)N[C@H]1C[C@@H](O)[C@@H](NCCN)NC(=O)[C@@H]2[C@@H](O)CCN2C(=O)[C@H]([C@H](O)CCN)NC(=O)[C@H]([C@H](O)[C@@H](O)c2ccc(O)cc2)NC(=O)[C@@H]2C[C@@H](O)CN2C(=O)[C@H]([C@@H](C)O)NC1=O,CHEMBL4297142,2001.0,Small molecule,,0,False,0,True,1,False,True,False,1212.685320852
ALISKIREN FUMARATE,COCCCOc1cc(C[C@@H](C[C@H](N)[C@@H](O)C[C@H](C(=O)NCC(C)(C)C(N)=O)C(C)C)C(C)C)ccc1OC.COCCCOc1cc(C[C@@H](C[C@H](N)[C@@H](O)C[C@H](C(=O)NCC(C)(C)C(N)=O)C(C)C)C(C)C)ccc1OC.O=C(O)/C=C/C(=O)O,CHEMBL3545059,2007.0,Small molecule,,0,False,0,True,0,True,False,False,1218.7978314399998
RIMEGEPANT SULFATE,N[C@@H]1c2cccnc2[C@H](OC(=O)N2CCC(n3c(=O)[nH]c4ncccc43)CC2)CC[C@H]1c1cccc(F)c1F.N[C@@H]1c2cccnc2[C@H](OC(=O)N2CCC(n3c(=O)[nH]c4ncccc43)CC2)CC[C@H]1c1cccc(F)c1F.O.O.O.O=S(=O)(O)O,CHEMBL2364629,2020.0,Small molecule,,0,False,0,True,0,True,False,False,1220.4372639879994
GILTERITINIB FUMARATE,CCc1nc(C(N)=O)c(Nc2ccc(N3CCC(N4CCN(C)CC4)CC3)c(OC)c2)nc1NC1CCOCC1.CCc1nc(C(N)=O)c(Nc2ccc(N3CCC(N4CCN(C)CC4)CC3)c(OC)c2)nc1NC1CCOCC1.O=C(O)/C=C/C(=O)O,CHEMBL3301603,2018.0,Small molecule,,0,False,0,True,0,True,False,False,1220.7182331439997
CISATRACURIUM BESYLATE,COc1ccc(C[C@@H]2c3cc(OC)c(OC)cc3CC[N@+]2(C)CCC(=O)OCCCCCOC(=O)CC[N@@+]2(C)CCc3cc(OC)c(OC)cc3[C@H]2Cc2ccc(OC)c(OC)c2)cc1OC.O=S(=O)([O-])c1ccccc1.O=S(=O)([O-])c1ccccc1,CHEMBL1200641,1995.0,Small molecule,Neuromuscular Blocking Agent,0,False,0,True,0,False,True,False,1242.500405784
ATRACURIUM BESYLATE,COc1ccc(CC2c3cc(OC)c(OC)cc3CC[N+]2(C)CCC(=O)OCCCCCOC(=O)CC[N+]2(C)CCc3cc(OC)c(OC)cc3C2Cc2ccc(OC)c(OC)c2)cc1OC.O=S(=O)([O-])c1ccccc1.O=S(=O)([O-])c1ccccc1,CHEMBL1200527,1983.0,Small molecule,Neuromuscular Blocking Agent,0,False,0,True,0,False,True,False,1242.500405784
ERGOTAMINE TARTRATE,CN1C[C@H](C(=O)N[C@]2(C)O[C@@]3(O)[C@@H]4CCCN4C(=O)[C@H](Cc4ccccc4)N3C2=O)C=C2c3cccc4[nH]cc(c34)C[C@H]21.CN1C[C@H](C(=O)N[C@]2(C)O[C@@]3(O)[C@@H]4CCCN4C(=O)[C@H](Cc4ccccc4)N3C2=O)C=C2c3cccc4[nH]cc(c34)C[C@H]21.O=C(O)C(O)C(O)C(=O)O,CHEMBL2448612,1948.0,Small molecule,,0,False,0,True,1,True,False,True,1312.5440763519998
PAFOLACIANINE,CC1(C)C(/C=C/C2=C(Oc3ccc(C[C@H](NC(=O)c4ccc(NCc5cnc6nc(N)[nH]c(=O)c6n5)cc4)C(=O)[O-])cc3)/C(=C/C=C3\N(CCCCS(=O)(=O)[O-])c4ccc(S(=O)(=O)[O-])cc4C3(C)C)CCC2)=[N+](CCCCS(=O)(=O)[O-])c2ccc(S(=O)(=O)[O-])cc21.[H+].[H+].[H+].[H+],CHEMBL4297412,2021.0,Small molecule,,0,False,0,True,1,False,True,False,1325.3537756839999
GENTAMICIN,CNC(C)[C@@H]1CC[C@@H](N)[C@@H](O[C@H]2[C@H](O)[C@@H](O[C@H]3OC[C@](C)(O)[C@H](NC)[C@H]3O)[C@H](N)C[C@@H]2N)O1.CN[C@@H]1[C@@H](O)[C@@H](O[C@@H]2[C@@H](O)[C@H](O[C@H]3O[C@H](C(C)N)CC[C@H]3N)[C@@H](N)C[C@H]2N)OC[C@]1(C)O.CN[C@@H]1[C@@H](O)[C@@H](O[C@@H]2[C@@H](O)[C@H](O[C@H]3O[C@H](CN)CC[C@H]3N)[C@@H](N)C[C@H]2N)OC[C@]1(C)O,CHEMBL3039597,1970.0,Small molecule,Antibacterial,0,False,0,True,1,False,True,True,1389.901795956
TOBRAMYCIN SULFATE,NC[C@H]1O[C@H](O[C@H]2[C@H](O)[C@@H](O[C@H]3O[C@H](CO)[C@@H](O)[C@H](N)[C@H]3O)[C@H](N)C[C@@H]2N)[C@H](N)C[C@@H]1O.NC[C@H]1O[C@H](O[C@H]2[C@H](O)[C@@H](O[C@H]3O[C@H](CO)[C@@H](O)[C@H](N)[C@H]3O)[C@H](N)C[C@@H]2N)[C@H](N)C[C@@H]1O.O=S(=O)(O)O.O=S(=O)(O)O.O=S(=O)(O)O.O=S(=O)(O)O.O=S(=O)(O)O,CHEMBL3989564,1975.0,Small molecule,,0,False,0,True,1,False,True,False,1424.3551532479992
VERTEPORFIN,C=Cc1c(C)c2cc3nc(cc4[nH]c(cc5nc(cc1[nH]2)C(C)=C5CCC(=O)O)c(CCC(=O)OC)c4C)C1(C)C3=CC=C(C(=O)OC)C1C(=O)OC.C=Cc1c(C)c2cc3nc(cc4[nH]c(cc5nc(cc1[nH]2)C(C)=C5CCC(=O)OC)c(CCC(=O)O)c4C)C1(C)C3=CC=C(C(=O)OC)C1C(=O)OC,CHEMBL2218885,2000.0,Small molecule,Antineoplastic,0,False,0,True,1,False,True,False,1436.6005286079994
NETILMICIN SULFATE,CCN[C@@H]1C[C@H](N)[C@@H](O[C@H]2OC(CN)=CC[C@H]2N)[C@H](O)[C@H]1O[C@H]1OC[C@](C)(O)[C@H](NC)[C@H]1O.CCN[C@@H]1C[C@H](N)[C@@H](O[C@H]2OC(CN)=CC[C@H]2N)[C@H](O)[C@H]1O[C@H]1OC[C@](C)(O)[C@H](NC)[C@H]1O.O=S(=O)(O)O.O=S(=O)(O)O.O=S(=O)(O)O.O=S(=O)(O)O.O=S(=O)(O)O,CHEMBL3989829,1983.0,Small molecule,,0,False,0,True,1,False,True,False,1440.4380950239988
STREPTOMYCIN SULFATE,CN[C@@H]1[C@H](O[C@H]2[C@H](O[C@H]3[C@H](O)[C@@H](O)[C@H](N=C(N)N)[C@@H](O)[C@@H]3N=C(N)N)O[C@@H](C)[C@]2(O)C=O)O[C@@H](CO)[C@H](O)[C@H]1O.CN[C@@H]1[C@H](O[C@H]2[C@H](O[C@H]3[C@H](O)[C@@H](O)[C@H](N=C(N)N)[C@@H](O)[C@@H]3N=C(N)N)O[C@@H](C)[C@]2(O)C=O)O[C@@H](CO)[C@H](O)[C@H]1O.O=S(=O)(O)O.O=S(=O)(O)O.O=S(=O)(O)O,CHEMBL3184791,1946.0,Small molecule,,0,False,0,True,1,False,True,False,1456.4334780079987
SPINOSAD,CC[C@H]1CCC[C@H](O[C@H]2CC[C@H](N(C)C)[C@@H](C)O2)[C@@H](C)C(=O)C2=C[C@@H]3[C@@H](C=C(C)[C@@H]4C[C@@H](O[C@@H]5O[C@@H](C)[C@H](OC)[C@@H](OC)[C@H]5OC)C[C@@H]34)[C@@H]2CC(=O)O1.CC[C@H]1CCC[C@H](O[C@H]2CC[C@H](N(C)C)[C@@H](C)O2)[C@@H](C)C(=O)C2=C[C@H]3[C@@H]4C[C@H](O[C@@H]5O[C@@H](C)[C@H](OC)[C@@H](OC)[C@H]5OC)C[C@H]4C=C[C@H]3C2CC(=O)O1,CHEMBL4297065,2011.0,Small molecule,,0,False,0,True,1,False,False,True,1476.9373446239995
GENTAMICIN SULFATE,CNC(C)[C@@H]1CC[C@@H](N)[C@@H](O[C@H]2[C@H](O)[C@@H](O[C@H]3OC[C@](C)(O)[C@H](NC)[C@H]3O)[C@H](N)C[C@@H]2N)O1.CN[C@@H]1[C@@H](O)[C@@H](O[C@@H]2[C@@H](O)[C@H](O[C@H]3O[C@H](C(C)N)CC[C@H]3N)[C@@H](N)C[C@H]2N)OC[C@]1(C)O.CN[C@@H]1[C@@H](O)[C@@H](O[C@@H]2[C@@H](O)[C@H](O[C@H]3O[C@H](CN)CC[C@H]3N)[C@@H](N)C[C@H]2N)OC[C@]1(C)O.O=S(=O)(O)O,CHEMBL3039594,1970.0,Small molecule,Antibacterial,0,False,0,True,1,False,True,True,1487.8691754999995
BLEOMYCIN SULFATE,Cc1c(N)nc([C@H](CC(N)=O)NC[C@H](N)C(N)=O)nc1C(=O)N[C@H](C(=O)N[C@H](C)[C@@H](O)[C@H](C)C(=O)N[C@H](C(=O)NCCc1nc(-c2nc(C(=O)NCCC[S+](C)C)cs2)cs1)[C@@H](C)O)[C@@H](O[C@@H]1O[C@@H](CO)[C@@H](O)[C@H](O)[C@@H]1O[C@H]1O[C@H](CO)[C@@H](O)[C@H](OC(N)=O)[C@@H]1O)c1c[nH]cn1.O=S(=O)(O)O,CHEMBL3085504,1973.0,Small molecule,,0,False,0,True,1,False,True,False,1512.4858116720889
ERGOLOID,CC(C)C[C@H]1C(=O)N2CCC[C@H]2[C@]2(O)O[C@](NC(=O)[C@@H]3C[C@@H]4c5cccc6[nH]cc(c56)C[C@H]4N(C)C3)(C(C)C)C(=O)N12.CC(C)[C@@]1(NC(=O)[C@@H]2C[C@@H]3c4cccc5[nH]cc(c45)C[C@H]3N(C)C2)O[C@@]2(O)[C@@H]3CCCN3C(=O)[C@H](Cc3ccccc3)N2C1=O.CC(C)[C@H]1C(=O)N2CCC[C@H]2[C@]2(O)O[C@](NC(=O)[C@@H]3C[C@@H]4c5cccc6[nH]cc(c56)C[C@H]4N(C)C3)(C(C)C)C(=O)N12.CCC(C)[C@H]1C(=O)N2CCC[C@H]2[C@]2(O)O[C@](NC(=O)[C@@H]3C[C@@H]4c5cccc6[nH]cc(c56)C[C@H]4N(C)C3)(C(C)C)C(=O)N12,CHEMBL2364968,1953.0,Small molecule,Cognition Adjuvant,0,False,0,True,1,True,False,True,2329.2743777759993
ERGOLOID MESYLATES,CC(C)C[C@H]1C(=O)N2CCC[C@H]2[C@]2(O)O[C@](NC(=O)[C@@H]3C[C@@H]4c5cccc6[nH]cc(c56)C[C@H]4N(C)C3)(C(C)C)C(=O)N12.CC(C)[C@@]1(NC(=O)[C@@H]2C[C@@H]3c4cccc5[nH]cc(c45)C[C@H]3N(C)C2)O[C@@]2(O)[C@@H]3CCCN3C(=O)[C@H](Cc3ccccc3)N2C1=O.CC(C)[C@H]1C(=O)N2CCC[C@H]2[C@]2(O)O[C@](NC(=O)[C@@H]3C[C@@H]4c5cccc6[nH]cc(c56)C[C@H]4N(C)C3)(C(C)C)C(=O)N12.CCC(C)[C@H]1C(=O)N2CCC[C@H]2[C@]2(O)O[C@](NC(=O)[C@@H]3C[C@@H]4c5cccc6[nH]cc(c56)C[C@H]4N(C)C3)(C(C)C)C(=O)N12.CS(=O)(=O)O.CS(=O)(=O)O.CS(=O)(=O)O.CS(=O)(=O)O,CHEMBL2311030,1953.0,Small molecule,Cognition Adjuvant,0,False,0,True,1,True,False,True,2713.2268377280016
OMEGA-3-CARBOXYLIC ACIDS,CC/C=C\C/C=C\C/C=C\C/C=C\C/C=C\C/C=C\CCC(=O)O.CC/C=C\C/C=C\C/C=C\C/C=C\C/C=C\CCCC(=O)O.CC/C=C\C/C=C\C/C=C\C/C=C\C/C=C\CCCCC(=O)O.CC/C=C\C/C=C\C/C=C\C/C=C\C/C=C\CCCCCC(=O)O.CC/C=C\C/C=C\C/C=C\C/C=C\CCCCCCC(=O)O.CC/C=C\C/C=C\C/C=C\CCCCCCCC(=O)O.CCCCC/C=C\C/C=C\C/C=C\C/C=C\C/C=C\CCC(=O)O.CCCCC/C=C\C/C=C\C/C=C\CCCCC(=O)O.CCCCC/C=C\C/C=C\CCCCCCCC(=O)O,CHEMBL3137327,2014.0,Small molecule,,0,False,0,True,0,True,False,False,2748.1464223119997
CEFIDEROCOL SULFATE TOSYLATE,CC(C)(O/N=C(\C(=O)N[C@@H]1C(=O)N2C(C(=O)O)=C(C[N+]3(CCNC(=O)c4ccc(O)c(O)c4Cl)CCCC3)CS[C@H]12)c1csc(N)n1)C(=O)O.CC(C)(O/N=C(\C(=O)N[C@@H]1C(=O)N2C(C(=O)O)=C(C[N+]3(CCNC(=O)c4ccc(O)c(O)c4Cl)CCCC3)CS[C@H]12)c1csc(N)n1)C(=O)O.CC(C)(O/N=C(\C(=O)N[C@@H]1C(=O)N2C(C(=O)O)=C(C[N+]3(CCNC(=O)c4ccc(O)c(O)c4Cl)CCCC3)CS[C@H]12)c1csc(N)n1)C(=O)O.Cc1ccc(S(=O)(=O)O)cc1.Cc1ccc(S(=O)(=O)O)cc1.Cc1ccc(S(=O)(=O)O)cc1.Cc1ccc(S(=O)(=O)[O-])cc1.O.O=S(=O)([O-])[O-],CHEMBL4297211,2019.0,Small molecule,,0,False,0,True,1,False,True,False,3057.504734596003
