pref_name,SMILES,molecule_chembl_id,first_approval,molecule_type,indication_class,polymer_flag,withdrawn_flag,inorganic_flag,therapeutic_flag,natural_product,oral,parenteral,topical,mw
BISMUTH SUBSALICYLATE,O[Bi]1OC(=O)C2=CC=CC=C2O1,CHEMBL1120,1939.0,Small molecule,Antidiarrheal; Anti-Ulcerative; Antacid,0,FALSE,0,TRUE,0,TRUE,FALSE,FALSE,
CARBOPLATIN,[H][N]([H])([H])[Pt]1(OC(=O)C2(CCC2)C(=O)O1)[N]([H])([H])[H],CHEMBL1351,1989.0,Small molecule,Antineoplastic,0,FALSE,0,TRUE,0,FALSE,TRUE,FALSE,
AUROTHIOGLUCOSE,OC[C@H]1O[C@H](S[Au])[C@H](O)[C@@H](O)[C@@H]1O,CHEMBL2354773,not found,Small molecule,Rheumatoid Arthritis,0,FALSE,0,TRUE,1,FALSE,FALSE,FALSE,
BISMUTH SUBGALLATE,O[Bi]1OC2=CC(=CC(O)=C2O1)C(O)=O,CHEMBL1592101,2018.0,Small molecule,Internal deodorant,0,FALSE,0,TRUE,0,TRUE,FALSE,FALSE,
OXALIPLATIN,[H][N]1([H])[C@@H]2CCCC[C@H]2[N]([H])([H])[Pt]11OC(=O)C(=O)O1,CHEMBL414804,2002.0,Small molecule,Antineoplastic,0,FALSE,0,TRUE,0,FALSE,TRUE,FALSE,
THIMEROSAL,[Na+].CC[Hg]SC1=CC=CC=C1C([O-])=O,CHEMBL508338,1927.0,Small molecule,Preservative,0,FALSE,0,TRUE,0,FALSE,FALSE,FALSE,
MERSALYL,COC(CNC(=O)C1=CC=CC=C1OCC(O)=O)C[Hg]O,CHEMBL1200943,not found,Small molecule,,0,FALSE,0,TRUE,0,FALSE,TRUE,FALSE,
SODIUM STIBOGLUCONATE,O.O.O.O.O.O.O.O.O.[Na+].[Na+].[Na+].[H][C@@]1(O[Sb]2(O)(O[Sb]34([O-])O[C@@H](C([O-])=O)[C@@]([H])(O3)[C@]([H])(O4)[C@H](O)CO)O[C@@H](C([O-])=O)[C@@]1([H])O2)[C@H](O)CO,CHEMBL3991035,not found,Small molecule,Leishmaniosis,0,FALSE,0,TRUE,0,FALSE,FALSE,FALSE,
MERBROMIN,[Na+].[Na+].O[Hg]C1=C([O-])C(Br)=CC2=C1OC1=CC(=O)C(Br)=CC1=C2C1=CC=CC=C1C([O-])=O,CHEMBL3833381,not found,Small molecule,,0,FALSE,0,TRUE,0,FALSE,FALSE,FALSE,
HYDRARGAPHEN,C1=CC=C(C=C1)[Hg]OS(=O)(=O)C2=CC3=CC=CC=C3C=C2CC4=CC5=CC=CC=C5C=C4S(=O)(=O)O[Hg]C6=CC=CC=C6,CHEMBL3833364,not found,Small molecule,,0,FALSE,0,TRUE,0,FALSE,FALSE,FALSE,
COLISTIMETHATE SODIUM,CCC(C)CCCCC(=O)NC(CCNCS(=O)(=O)[O-])C(=O)NC(C(C)O)C(=O)NC(CCNCS(=O)(=O)[O-])C(=O)NC1CCNC(=O)C(NC(=O)C(NC(=O)C(NC(=O)C(NC(=O)C(NC(=O)C(NC1=O)CCNCS(=O)(=O)[O-])CC(C)C)CC(C)C)CCNCS(=O)(=O)[O-])CCNCS(=O)(=O)[O-])C(C)O.[Na+].[Na+].[Na+].[Na+].[Na+],CHEMBL1201441,1970.0,Small molecule,Antibacterial,0,FALSE,0,TRUE,1,FALSE,TRUE,FALSE,
GRAMICIDIN,CC(C)CC(C(=O)NC(C)C(=O)NC(C(C)C)C(=O)NC(C(C)C)C(=O)NC(C(C)C)C(=O)NC(CC1=CNC2=CC=CC=C21)C(=O)NC(CC(C)C)C(=O)NC(CC3=CNC4=CC=CC=C43)C(=O)NC(CC(C)C)C(=O)NC(CC5=CNC6=CC=CC=C65)C(=O)NC(CC(C)C)C(=O)NC(CC7=CNC8=CC=CC=C87)C(=O)NCCO)NC(=O)C(C)NC(=O)CNC(=O)C(C(C)C)NC=O,CHEMBL1201469,1955.0,Small molecule,Antibacterial,0,FALSE,0,TRUE,1,FALSE,FALSE,TRUE,
PHENYLPROPANOLAMINE POLISTIREX,CC(C(C1=CC=CC=C1)O)N,CHEMBL1201535,1984.0,Small molecule,Adrenergic (vasoconstrictor),0,TRUE,0,TRUE,0,TRUE,FALSE,FALSE,
NEOMYCIN,C1C(C(C(C(C1N)OC2C(C(C(C(O2)CN)O)O)N)OC3C(C(C(O3)CO)OC4C(C(C(C(O4)CN)O)O)N)O)O)N,CHEMBL3989751,1964.0,Small molecule,Antibacterial,0,FALSE,0,TRUE,1,TRUE,TRUE,TRUE,
PSEUDOEPHEDRINE POLISTIREX,CN[C@@H](C)[C@@H](O)C1=CC=CC=C1,CHEMBL1201483,1997.0,Small molecule,Nasal Decongestant,0,FALSE,0,TRUE,0,TRUE,FALSE,TRUE,
PIPERAZINE,C1CNCCN1,CHEMBL1412,1954.0,Small molecule,Anthelmintic,0,TRUE,0,TRUE,0,TRUE,FALSE,FALSE,8.608.439.831.999.990
RESORCINOL,Oc1cccc(O)c1,CHEMBL24147,1946.0,Small molecule,Keratolytic,0,FALSE,0,TRUE,0,FALSE,FALSE,TRUE,110.036.779.432
AMINOLEVULINIC ACID,NCC(=O)CCC(O)=O,CHEMBL601,1999.0,Small molecule,Diagnostic aid,0,FALSE,0,TRUE,0,FALSE,FALSE,FALSE,131.058.243.148
BETAHISTINE,CNCCc1ccccn1,CHEMBL24441,1973.0,Small molecule,Vasodilator,0,TRUE,0,TRUE,0,TRUE,FALSE,FALSE,136.100.048.384
METHYL NICOTINATE,COC(=O)c1cccnc1,CHEMBL379845,2011.0,Small molecule,Topical Analgesic,0,FALSE,0,TRUE,0,FALSE,FALSE,TRUE,137.047.678.464
AMINOBENZOIC ACID,Nc1ccc(C(=O)O)cc1,CHEMBL542,not found,Small molecule,"Analgesic,Ultraviolet Screen",0,FALSE,0,TRUE,0,TRUE,FALSE,TRUE,137.047.678.464
SALICYLIC ACID,O=C(O)c1ccccc1O,CHEMBL424,not found,Small molecule,Topical Analgesic,0,FALSE,0,TRUE,0,FALSE,FALSE,TRUE,138.031.694.052
ISOMETHEPTENE,CNC(C)CCC=C(C)C,CHEMBL1697841,1948.0,Small molecule,Migraine,0,TRUE,0,TRUE,0,TRUE,FALSE,FALSE,141.151.749.608
PIRACETAM,NC(=O)CN1CCCC1=O,CHEMBL36715,not found,Small molecule,Cognition Adjuvant,0,FALSE,0,TRUE,0,FALSE,FALSE,FALSE,14.207.422.756
CAMPHOR,CC1(C)[C@@H]2CC[C@@]1(C)C(=O)C2,CHEMBL504760,1983.0,Small molecule,Antipruritic,0,FALSE,0,TRUE,0,FALSE,FALSE,TRUE,152.120.115.132
BETAINE HYDROCHLORIDE,C[N+](C)(C)CC(=O)O.[Cl-],CHEMBL1201130,1996.0,Small molecule,Replenisher Adjunct,0,FALSE,0,TRUE,0,TRUE,FALSE,FALSE,153.055.656.304
DOPAMINE,NCCc1ccc(O)c(O)c1,CHEMBL59,1981.0,Small molecule,Adrenergic,0,FALSE,0,TRUE,0,FALSE,TRUE,FALSE,153.078.978.592
ACIPIMOX,Cc1cnc(C(=O)O)c[n+]1[O-],CHEMBL345714,not found,Small molecule,Hypolipidemic,0,FALSE,0,TRUE,0,FALSE,FALSE,FALSE,154.037.842.052
CHLOROXYLENOL,Cc1cc(O)cc(C)c1Cl,CHEMBL398440,not found,Small molecule,Antibacterial,0,FALSE,0,TRUE,0,FALSE,FALSE,FALSE,156.034.192.588
SODIUM SALICYLATE,O=C([O-])c1ccccc1O.[Na+],CHEMBL447868,not found,Small molecule,Analgesic,0,FALSE,0,TRUE,0,FALSE,FALSE,TRUE,1.600.136.383
CLOMETHIAZOLE,Cc1ncsc1CCCl,CHEMBL315795,not found,Small molecule,Sedative-Hypnotic,0,FALSE,0,TRUE,0,FALSE,FALSE,FALSE,161.006.597.936
TRICHLOROACETIC ACID,O=C(O)C(Cl)(Cl)Cl,CHEMBL14053,not found,Small molecule,,0,FALSE,0,TRUE,0,FALSE,FALSE,FALSE,161.904.212.312
CHLORAL HYDRATE,OC(O)C(Cl)(Cl)Cl,CHEMBL455917,not found,Small molecule,Sedative-Hypnotic,0,TRUE,0,TRUE,0,FALSE,FALSE,FALSE,163.919.862.376
METHOXYFLURANE,COC(F)(F)C(Cl)Cl,CHEMBL1341,not found,Small molecule,Anesthetic (inhalation),0,TRUE,0,TRUE,0,FALSE,FALSE,TRUE,163.960.726.548
BENZOCAINE,CCOC(=O)c1ccc(N)cc1,CHEMBL278172,1963.0,Small molecule,Anesthetic (topical),0,FALSE,0,TRUE,0,FALSE,FALSE,TRUE,165.078.978.592
NOREPINEPHRINE,NC[C@H](O)c1ccc(O)c(O)c1,CHEMBL1437,1950.0,Small molecule,Adrenergic (vasoconstrictor),0,FALSE,0,TRUE,0,FALSE,TRUE,FALSE,169.073.893.212
TERPIN,CC1(O)CCC(C(C)(C)O)CC1,CHEMBL1651998,not found,Small molecule,Expectorant,0,TRUE,0,TRUE,0,FALSE,FALSE,FALSE,17.214.632.988
DEBRISOQUIN,N=C(N)N1CCc2ccccc2C1,CHEMBL169901,not found,Small molecule,Antihypertensive,0,FALSE,0,TRUE,0,FALSE,FALSE,FALSE,175.110.947.416
DICHLOROBENZYL ALCOHOL,OCc1ccc(Cl)cc1Cl,CHEMBL3184437,not found,Small molecule,,0,FALSE,0,TRUE,0,FALSE,FALSE,FALSE,175.979.570.172
NIKETHAMIDE,CCN(CC)C(=O)c1cccnc1,CHEMBL2104607,not found,Small molecule,,0,TRUE,0,TRUE,0,FALSE,FALSE,FALSE,178.110.613.068
AMYLMETACRESOL,CCCCCc1ccc(C)cc1O,CHEMBL1512677,not found,Small molecule,Antiseptic,0,TRUE,0,TRUE,0,FALSE,FALSE,TRUE,178.135.765.196
CARBOCYSTEINE,N[C@@H](CSCC(=O)O)C(=O)O,CHEMBL396416,not found,Small molecule,Mucolytic,0,TRUE,0,TRUE,0,FALSE,FALSE,FALSE,179.025.228.768
GLUCOSAMINE,N[C@H]1C(O)O[C@H](CO)[C@@H](O)[C@@H]1O,CHEMBL493287,not found,Small molecule,,0,FALSE,0,TRUE,1,FALSE,FALSE,FALSE,179.079.372.516
IPRONIAZID,CC(C)NNC(=O)c1ccncc1,CHEMBL92401,1958.0,Small molecule,Antidepressant/Tuberculostatic,0,TRUE,0,TRUE,0,FALSE,FALSE,FALSE,179.105.862.036
PROTIONAMIDE,CCCc1cc(C(N)=S)ccn1,CHEMBL1378024,not found,Small molecule,Antibacterial,0,FALSE,0,TRUE,0,FALSE,FALSE,FALSE,180.072.119.384
ETILEFRINE,CCNCC(O)c1cccc(O)c1,CHEMBL86882,not found,Small molecule,,0,TRUE,0,TRUE,0,FALSE,FALSE,FALSE,18.111.027.872
MEPHENESIN,Cc1ccccc1OCC(O)CO,CHEMBL229128,not found,Small molecule,Parkinson,0,FALSE,0,TRUE,0,FALSE,FALSE,FALSE,182.094.294.308
GLUTAMIC ACID HYDROCHLORIDE,Cl.N[C@@H](CCC(=O)O)C(=O)O,CHEMBL1255943,1988.0,Small molecule,Replenisher Adjunct,0,FALSE,0,TRUE,0,FALSE,TRUE,FALSE,18.302.983.548
HISTAMINE DIHYDROCHLORIDE,Cl.Cl.NCCc1c[nH]cn1,CHEMBL1533310,not found,Small molecule,,0,FALSE,0,TRUE,0,FALSE,FALSE,FALSE,18.303.300.271.199.900
BARBITAL,CCC1(CC)C(=O)NC(=O)NC1=O,CHEMBL444,not found,Small molecule,,0,FALSE,0,TRUE,0,FALSE,FALSE,FALSE,184.084.792.244
CARBIMAZOLE,CCOC(=O)n1ccn(C)c1=S,CHEMBL508102,not found,Small molecule,,0,FALSE,0,TRUE,0,FALSE,FALSE,FALSE,18.604.629.856
ANTIPYRINE,Cc1cc(=O)n(-c2ccccc2)n1C,CHEMBL277474,not found,Small molecule,Analgesic,0,TRUE,0,TRUE,0,FALSE,FALSE,FALSE,188.094.963.004
DOBESILIC ACID,O=S(=O)(O)c1cc(O)ccc1O,CHEMBL1232131,not found,Small molecule,Hemostatic,0,TRUE,0,TRUE,0,FALSE,FALSE,FALSE,189.993.594.292
ETAFEDRINE,CCN(C)C(C)C(O)c1ccccc1,CHEMBL2110926,not found,Small molecule,Adrenergic,0,TRUE,0,TRUE,0,FALSE,FALSE,FALSE,193.146.664.228
HEXYLRESORCINOL,CCCCCCc1ccc(O)cc1O,CHEMBL443605,not found,Small molecule,Anthelmintic,0,FALSE,0,TRUE,0,FALSE,FALSE,FALSE,194.130.679.816
BECLAMIDE,O=C(CCCl)NCc1ccccc1,CHEMBL64195,not found,Small molecule,,0,TRUE,0,TRUE,0,FALSE,FALSE,FALSE,197.060.741.684
TEGAFUR,O=c1[nH]c(=O)n(C2CCCO2)cc1F,CHEMBL20883,not found,Small molecule,Antineoplastic,0,FALSE,0,TRUE,1,FALSE,FALSE,FALSE,200.059.720.368
CARBARIL,CNC(=O)Oc1cccc2ccccc12,CHEMBL46917,not found,Small molecule,,0,TRUE,0,TRUE,0,FALSE,FALSE,FALSE,201.078.978.592
ACETYLCARNITINE,CC(=O)O[C@H](CC(=O)[O-])C[N+](C)(C)C,CHEMBL1697733,not found,Small molecule,,0,FALSE,0,TRUE,0,FALSE,FALSE,FALSE,203.115.758.024
PHENFORMIN,N=C(N)NC(=N)NCCc1ccccc1,CHEMBL170988,1965.0,Small molecule,Hypoglycemic,0,TRUE,0,TRUE,0,TRUE,FALSE,FALSE,20.513.274.547.999.900
PHENETURIDE,CCC(C(=O)NC(N)=O)c1ccccc1,CHEMBL2107062,not found,Small molecule,,0,FALSE,0,TRUE,0,FALSE,FALSE,FALSE,206.105.527.688
DEXIBUPROFEN,CC(C)Cc1ccc([C@H](C)C(=O)O)cc1,CHEMBL175,1998.0,Small molecule,Anti-Inflammatory; Analgesic,0,FALSE,0,TRUE,0,TRUE,FALSE,FALSE,206.130.679.816
PROFLAVINE,Nc1ccc2cc3ccc(N)cc3nc2c1,CHEMBL55400,not found,Small molecule,,0,FALSE,0,TRUE,0,FALSE,FALSE,FALSE,209.095.297.352
BAMETHAN,CCCCNCC(O)c1ccc(O)cc1,CHEMBL1987462,not found,Small molecule,Vasodilator,0,FALSE,0,TRUE,0,FALSE,FALSE,FALSE,209.141.578.848
NICORANDIL,O=C(NCCO[N+](=O)[O-])c1cccnc1,CHEMBL284906,not found,Small molecule,Vasodilator (coronary),0,FALSE,0,TRUE,0,FALSE,FALSE,TRUE,211.059.305.768
FELBINAC,O=C(O)Cc1ccc(-c2ccccc2)cc1,CHEMBL413965,not found,Small molecule,Anti-Inflammatory,0,FALSE,0,TRUE,0,FALSE,FALSE,FALSE,212.083.729.624
BUTETHAL,CCCCC1(CC)C(=O)NC(=O)NC1=O,CHEMBL404422,not found,Small molecule,,0,FALSE,0,TRUE,0,FALSE,FALSE,FALSE,212.116.092.372
GLUCOSAMINE HYDROCHLORIDE,Cl.N[C@H]1C(O)O[C@H](CO)[C@@H](O)[C@@H]1O,CHEMBL1707007,not found,Small molecule,,0,FALSE,0,TRUE,1,FALSE,FALSE,FALSE,215.056.050.228
NAFTAZONE,NC(=O)N/N=C1\C=Cc2ccccc2C1=O,CHEMBL2106794,not found,Small molecule,,0,FALSE,0,TRUE,0,FALSE,FALSE,FALSE,215.069.476.528
METHOXYPHENAMINE HYDROCHLORIDE,CNC(C)Cc1ccccc1OC.Cl,CHEMBL1985928,not found,Small molecule,,0,FALSE,0,TRUE,0,FALSE,FALSE,FALSE,215.107.691.876
ORNIDAZOLE,Cc1ncc([N+](=O)[O-])n1CC(O)CCl,CHEMBL1449676,not found,Small molecule,Anti-Infective,0,FALSE,0,TRUE,0,FALSE,FALSE,FALSE,21.904.106.886
RIMITEROL,Oc1ccc(C(O)C2CCCCN2)cc1O,CHEMBL88055,not found,Small molecule,,0,FALSE,0,TRUE,0,FALSE,FALSE,FALSE,223.120.843.404
BUFEXAMAC,CCCCOc1ccc(CC(=O)NO)cc1,CHEMBL94394,1995.0,Small molecule,Anti-Inflammatory; Analgesic,0,TRUE,0,TRUE,0,FALSE,FALSE,TRUE,223.120.843.404
ETHAMIVAN,CCN(CC)C(=O)c1ccc(O)c(OC)c1,CHEMBL1229908,1961.0,Small molecule,Stimulant (central and respiratory),0,TRUE,0,TRUE,0,FALSE,FALSE,FALSE,223.120.843.404
ANTHRALIN,O=C1c2c(O)cccc2Cc2cccc(O)c21,CHEMBL46469,1929.0,Small molecule,Antipsoriatic,0,FALSE,0,TRUE,0,FALSE,FALSE,TRUE,22.606.299.418
CHLORQUINALDOL,Cc1ccc2c(Cl)cc(Cl)c(O)c2n1,CHEMBL224325,1997.0,Small molecule,Antiseptic,0,FALSE,0,TRUE,0,FALSE,FALSE,TRUE,226.990.469.204
TULOBUTEROL,CC(C)(C)NCC(O)c1ccccc1Cl,CHEMBL1159717,not found,Small molecule,,0,FALSE,0,TRUE,0,FALSE,FALSE,FALSE,227.107.691.876
DEXFENFLURAMINE,CCN[C@@H](C)Cc1cccc(C(F)(F)F)c1,CHEMBL248702,1996.0,Small molecule,Appetite Suppressant,0,TRUE,0,TRUE,0,TRUE,FALSE,FALSE,231.123.484.172
PHENOBARBITAL,CCC1(c2ccccc2)C(=O)NC(=O)NC1=O,CHEMBL40,1926.0,Small molecule,"Anticonvulsant; Sedative-Hypnotic,Sedative-Hypnotic; Anticonvulsant",0,FALSE,0,TRUE,0,FALSE,TRUE,TRUE,232.084.792.244
MELATONIN,COc1ccc2[nH]cc(CCNC(C)=O)c2c1,CHEMBL45,not found,Small molecule,,0,FALSE,0,TRUE,0,FALSE,FALSE,FALSE,232.121.177.752
DEXMETHYLPHENIDATE,COC(=O)[C@H](c1ccccc1)[C@H]1CCCCN1,CHEMBL827,2001.0,Small molecule,Psychostimulant,0,FALSE,0,TRUE,0,TRUE,FALSE,FALSE,233.141.578.848
MEPTAZINOL,CCC1(c2cccc(O)c2)CCCCN(C)C1,CHEMBL314437,not found,Small molecule,Analgesic,0,FALSE,0,TRUE,0,FALSE,FALSE,FALSE,233.177.964.356
AMYL NITRITE,CC(C)CCON=O.CCC(C)CON=O,CHEMBL3833339,1979.0,Small molecule,Antihypertensive,0,FALSE,0,TRUE,0,FALSE,FALSE,FALSE,234.157.957.184
CYCLOBARBITAL,CCC1(C2=CCCCC2)C(=O)NC(=O)NC1=O,CHEMBL268164,not found,Small molecule,,0,TRUE,0,TRUE,0,FALSE,FALSE,FALSE,236.116.092.372
ACEFYLLINE,Cn1c(=O)c2c(ncn2CC(=O)O)n(C)c1=O,CHEMBL70246,not found,Small molecule,,0,FALSE,0,TRUE,1,FALSE,FALSE,FALSE,2.380.702.048
PROXYPHYLLINE,CC(O)Cn1cnc2c1c(=O)n(C)c(=O)n2C,CHEMBL37390,not found,Small molecule,,0,FALSE,0,TRUE,1,FALSE,FALSE,FALSE,238.106.590.308
CYSTINE,N[C@@H](CSSC[C@H](N)C(=O)O)C(=O)O,CHEMBL590540,2008.0,Small molecule,Amino Acid;Antiacne,0,FALSE,0,TRUE,0,TRUE,FALSE,TRUE,240.023.848.864
FLUINDIONE,O=C1c2ccccc2C(=O)C1c1ccc(F)cc1,CHEMBL24924,not found,Small molecule,,0,FALSE,0,TRUE,0,FALSE,FALSE,FALSE,240.058.657.748
MOXONIDINE,COc1nc(C)nc(Cl)c1NC1=NCCN1,CHEMBL19236,not found,Small molecule,,0,FALSE,0,TRUE,0,FALSE,FALSE,FALSE,24.107.303.768.399.900
MEXENONE,COc1ccc(C(=O)c2ccc(C)cc2)c(O)c1,CHEMBL1898387,not found,Small molecule,,0,FALSE,0,TRUE,0,FALSE,FALSE,TRUE,242.094.294.308
MOLSIDOMINE,CCOC(=O)[N-]c1c[n+](N2CCOCC2)no1,CHEMBL1329455,not found,Small molecule,,0,FALSE,0,TRUE,0,FALSE,FALSE,FALSE,242.101.504.928
AGOMELATINE,COc1ccc2cccc(CCNC(C)=O)c2c1,CHEMBL10878,not found,Small molecule,,0,FALSE,0,TRUE,0,FALSE,FALSE,FALSE,243.125.928.784
XYLOMETAZOLINE,Cc1cc(C(C)(C)C)cc(C)c1CC1=NCCN1,CHEMBL312448,1959.0,Small molecule,Adrenergic (vasoconstrictor),0,FALSE,0,TRUE,0,FALSE,FALSE,TRUE,24.419.394.876.799.900
ISOAMINILE,CC(CC(C#N)(c1ccccc1)C(C)C)N(C)C,CHEMBL2105002,not found,Small molecule,,0,FALSE,0,TRUE,0,FALSE,FALSE,FALSE,24.419.394.876.799.900
MEPHOBARBITAL,CCC1(c2ccccc2)C(=O)NC(=O)N(C)C1=O,CHEMBL45029,1935.0,Small molecule,Anticonvulsant; Sedative-Hypnotic,0,TRUE,0,TRUE,0,TRUE,FALSE,FALSE,246.100.442.308
ENOXIMONE,CSc1ccc(C(=O)c2[nH]c(=O)[nH]c2C)cc1,CHEMBL249856,not found,Small molecule,Cardiotonic,0,FALSE,0,TRUE,0,FALSE,FALSE,FALSE,248.061.948.624
AMOBARBITAL SODIUM,CCC1(CCC(C)C)C(=O)N=C([O-])NC1=O.[Na+],CHEMBL2105941,not found,Small molecule,Sedative-Hypnotic,0,TRUE,0,TRUE,0,FALSE,FALSE,FALSE,248.113.686.684
ERDOSTEINE,O=C(O)CSCC(=O)NC1CCSC1=O,CHEMBL1697744,not found,Small molecule,,0,FALSE,0,TRUE,0,FALSE,FALSE,FALSE,249.012.949.832
CINOXATE,CCOCCOC(=O)/C=C/c1ccc(OC)cc1,CHEMBL2104045,not found,Small molecule,Ultraviolet Screen,0,FALSE,0,TRUE,0,FALSE,FALSE,TRUE,250.120.509.056
NEFOPAM,CN1CCOC(c2ccccc2)c2ccccc2C1,CHEMBL465026,not found,Small molecule,Analgesic,0,FALSE,0,TRUE,0,FALSE,FALSE,FALSE,253.146.664.228
FENBUFEN,O=C(O)CCC(=O)c1ccc(-c2ccccc2)cc1,CHEMBL277522,not found,Small molecule,Anti-Inflammatory,0,FALSE,0,TRUE,0,FALSE,FALSE,FALSE,254.094.294.308
ESLICARBAZEPINE,NC(=O)N1c2ccccc2C[C@H](O)c2ccccc21,CHEMBL315985,2021.0,Small molecule,Antiepileptic,0,FALSE,0,TRUE,0,TRUE,FALSE,FALSE,254.105.527.688
BENSERAZIDE,NC(CO)C(=O)NNCc1ccc(O)c(O)c1O,CHEMBL1096979,not found,Small molecule,Inhibitor (decarboxylase),0,FALSE,0,TRUE,0,TRUE,FALSE,FALSE,25.710.117.058.000.000
SALSALATE,O=C(Oc1ccccc1C(=O)O)c1ccccc1O,CHEMBL154111,not found,Small molecule,Anti-Inflammatory; Analgesic,0,FALSE,0,TRUE,0,TRUE,FALSE,FALSE,25.805.282.342.000.000
TIAPROFENIC ACID,CC(C(=O)O)c1ccc(C(=O)c2ccccc2)s1,CHEMBL365795,not found,Small molecule,,0,FALSE,0,TRUE,0,TRUE,FALSE,FALSE,260.050.715.244
TOLFENAMIC ACID,Cc1c(Cl)cccc1Nc1ccccc1C(=O)O,CHEMBL121626,not found,Small molecule,,0,FALSE,0,TRUE,0,TRUE,TRUE,FALSE,261.055.656.304
PHENINDAMINE,CN1CCC2=C(C1)C(c1ccccc1)c1ccccc12,CHEMBL278398,not found,Small molecule,,0,FALSE,0,TRUE,0,FALSE,FALSE,FALSE,261.151.749.608
SULFIRAM,CCN(CC)C(=S)SC(=S)N(CC)CC,CHEMBL2004297,not found,Small molecule,,0,FALSE,0,TRUE,0,FALSE,FALSE,FALSE,26.407.886.164
MIANSERIN,CN1CCN2c3ccccc3Cc3ccccc3C2C1,CHEMBL6437,not found,Small molecule,Antihistaminic; Serotonin Inhibitor,0,FALSE,0,TRUE,0,TRUE,FALSE,FALSE,26.416.264.864
PRACTOLOL,CC(=O)Nc1ccc(OCC(O)CNC(C)C)cc1,CHEMBL6995,not found,Small molecule,Anti-Adrenergic (beta-receptor),0,TRUE,0,TRUE,0,FALSE,FALSE,FALSE,266.163.042.564
TRIMETAZIDINE,COc1ccc(CN2CCNCC2)c(OC)c1OC,CHEMBL203266,not found,Small molecule,,0,FALSE,0,TRUE,0,TRUE,FALSE,FALSE,266.163.042.564
MOCLOBEMIDE,O=C(NCCN1CCOCC1)c1ccc(Cl)cc1,CHEMBL86304,not found,Small molecule,Antidepressant,0,FALSE,0,TRUE,0,TRUE,FALSE,FALSE,268.097.855.464
RAZOXANE,CC(CN1CC(=O)NC(=O)C1)N1CC(=O)NC(=O)C1,CHEMBL444186,1995.0,Small molecule,Cardiomyopathy,0,FALSE,0,TRUE,0,FALSE,TRUE,FALSE,268.117.154.992
MEPTAZINOL HYDROCHLORIDE,CCC1(c2cccc(O)c2)CCCCN(C)C1.Cl,CHEMBL1477274,not found,Small molecule,Analgesic,0,FALSE,0,TRUE,0,TRUE,TRUE,FALSE,269.154.642.068
MEDAZEPAM,CN1CCN=C(c2ccccc2)c2cc(Cl)ccc21,CHEMBL28333,not found,Small molecule,Tranquilizer (minor),0,FALSE,0,TRUE,0,TRUE,FALSE,FALSE,27.009.237.616
PILOCARPINE NITRATE,CC[C@@H]1C(=O)OC[C@@H]1Cc1cncn1C.O=[N+]([O-])O,CHEMBL1213136,1974.0,Small molecule,Cholinergic (ophthalmic),0,FALSE,0,TRUE,0,FALSE,FALSE,TRUE,27.111.682.064.400.000
ACETARSONE,CC(=O)Nc1cc([As](=O)(O)O)ccc1O,CHEMBL1330792,not found,Small molecule,,0,TRUE,0,TRUE,0,FALSE,FALSE,FALSE,27.497.749.392.000.000
NIFUROXAZIDE,O=C(N/N=C/c1ccc([N+](=O)[O-])o1)c1ccc(O)cc1,CHEMBL244888,not found,Small molecule,,0,FALSE,0,TRUE,0,TRUE,FALSE,FALSE,27.505.422.038.800.000
HOMATROPINE,CN1[C@@H]2CC[C@H]1C[C@@H](OC(=O)C(O)c1ccccc1)C2,CHEMBL1618018,not found,Small molecule,Anticholinergic,0,FALSE,0,TRUE,0,FALSE,FALSE,FALSE,275.152.143.532
PHYSOSTIGMINE,CNC(=O)Oc1ccc2c(c1)[C@]1(C)CCN(C)[C@@H]1N2C,CHEMBL94,not found,Small molecule,Cholinergic (ophthalmic),0,FALSE,0,TRUE,0,FALSE,FALSE,FALSE,275.163.376.912
CLENBUTEROL,CC(C)(C)NCC(O)c1cc(Cl)c(N)c(Cl)c1,CHEMBL49080,not found,Small molecule,,0,FALSE,0,TRUE,0,TRUE,FALSE,FALSE,27.607.961.855.599.900
MEBHYDROLIN,CN1CCc2c(c3ccccc3n2Cc2ccccc2)C1,CHEMBL1625607,not found,Small molecule,,0,FALSE,0,TRUE,0,TRUE,FALSE,FALSE,27.616.264.864
CYCLANDELATE,CC1CC(OC(=O)C(O)c2ccccc2)CC(C)(C)C1,CHEMBL1480987,not found,Small molecule,,0,FALSE,0,TRUE,0,TRUE,FALSE,FALSE,276.172.544.628
PADIMATE O,CCCCC(CC)COC(=O)c1ccc(N(C)C)cc1,CHEMBL1323699,1999.0,Small molecule,Ultraviolet Screen,0,FALSE,0,TRUE,0,FALSE,FALSE,TRUE,277.204.179.104
TREOSULFAN,CS(=O)(=O)OC[C@H](O)[C@@H](O)COS(C)(=O)=O,CHEMBL455186,not found,Small molecule,,0,FALSE,0,TRUE,0,FALSE,FALSE,FALSE,278.013.009.408
GAMOLENIC ACID,CCCCC/C=C\C/C=C\C/C=C\CCCCC(=O)O,CHEMBL464982,not found,Small molecule,,0,FALSE,0,TRUE,0,FALSE,FALSE,FALSE,2.782.245.802
MOXISYLYTE,CC(=O)Oc1cc(C(C)C)c(OCCN(C)C)cc1C,CHEMBL159226,1987.0,Small molecule,Adrenergic,0,FALSE,0,TRUE,0,TRUE,FALSE,FALSE,27.918.344.366
SULFAMETHOXYPYRIDAZINE,COc1ccc(NS(=O)(=O)c2ccc(N)cc2)nn1,CHEMBL268869,not found,Small molecule,,0,FALSE,0,TRUE,0,TRUE,FALSE,FALSE,280.063.011.244
SULFALENE,COc1nccnc1NS(=O)(=O)c1ccc(N)cc1,CHEMBL1525826,not found,Small molecule,Antibacterial,0,FALSE,0,TRUE,0,TRUE,FALSE,FALSE,280.063.011.244
FLUFENAMIC ACID,O=C(O)c1ccccc1Nc1cccc(C(F)(F)F)c1,CHEMBL23588,not found,Small molecule,Anti-Inflammatory,0,FALSE,0,TRUE,0,TRUE,FALSE,TRUE,28.106.636.322
NITRAZEPAM,O=C1CN=C(c2ccccc2)c2cc([N+](=O)[O-])ccc2N1,CHEMBL13209,not found,Small molecule,Anticonvulsant; Sedative-Hypnotic,0,FALSE,0,TRUE,0,TRUE,FALSE,FALSE,281.080.041.212
ALVERINE,CCN(CCCc1ccccc1)CCCc1ccccc1,CHEMBL253371,not found,Small molecule,Anticholinergic,0,FALSE,0,TRUE,0,FALSE,FALSE,FALSE,281.214.349.864
ARTEMISININ,C[C@@H]1CC[C@H]2[C@@H](C)C(=O)O[C@@H]3O[C@]4(C)CC[C@@H]1[C@]32OO4,CHEMBL567597,not found,Small molecule,,0,FALSE,0,TRUE,1,TRUE,FALSE,FALSE,282.146.723.804
EMEPRONIUM,CC[N+](C)(C)C(C)CC(c1ccccc1)c1ccccc1,CHEMBL2110805,not found,Small molecule,,0,FALSE,0,TRUE,0,FALSE,FALSE,FALSE,28.222.162.631.609
ATALUREN,O=C(O)c1cccc(-c2noc(-c3ccccc3F)n2)c1,CHEMBL256997,not found,Small molecule,,0,FALSE,0,TRUE,0,TRUE,FALSE,FALSE,28.405.972.036.800.000
TAUROLIDINE,O=S1(=O)CCN(CN2CCS(=O)(=O)NC2)CN1,CHEMBL2105420,not found,Small molecule,,0,FALSE,0,TRUE,0,FALSE,FALSE,FALSE,284.061.296.992
TROPISETRON,CN1[C@@H]2CC[C@H]1C[C@@H](OC(=O)c1c[nH]c3ccccc13)C2,CHEMBL56564,not found,Small molecule,,0,FALSE,0,TRUE,0,FALSE,FALSE,FALSE,28.415.247.788
ARTENIMOL,C[C@H]1[C@@H](O)O[C@@H]2O[C@]3(C)CC[C@H]4[C@H](C)CC[C@@H]1[C@@]24OO3,CHEMBL252518,not found,Small molecule,,0,FALSE,0,TRUE,1,TRUE,FALSE,FALSE,284.162.373.868
IPRINDOLE,CN(C)CCCn1c2c(c3ccccc31)CCCCCC2,CHEMBL126224,not found,Small molecule,Antidepressant,0,FALSE,0,TRUE,0,FALSE,FALSE,FALSE,284.225.248.896
PROTHIPENDYL,CN(C)CCCN1c2ccccc2Sc2cccnc21,CHEMBL2111030,not found,Small molecule,,0,FALSE,0,TRUE,0,FALSE,FALSE,FALSE,285.129.968.608
CIPROFIBRATE,CC(C)(Oc1ccc(C2CC2(Cl)Cl)cc1)C(=O)O,CHEMBL557555,not found,Small molecule,Antihyperlipoproteinemic,0,FALSE,0,TRUE,0,TRUE,FALSE,FALSE,28.803.199.966.799.900
ESTRIOL,C[C@]12CC[C@@H]3c4ccc(O)cc4CC[C@H]3[C@@H]1C[C@@H](O)[C@@H]2O,CHEMBL193482,not found,Small molecule,Estrogen,0,FALSE,0,TRUE,1,FALSE,FALSE,FALSE,28.817.254.462.799.900
NEFOPAM HYDROCHLORIDE,CN1CCOC(c2ccccc2)c2ccccc2C1.Cl,CHEMBL1407915,not found,Small molecule,Analgesic,0,FALSE,0,TRUE,0,FALSE,FALSE,FALSE,28.912.334.194
HYOSCYAMINE,CN1[C@@H]2CC[C@H]1C[C@@H](OC(=O)[C@H](CO)c1ccccc1)C2,CHEMBL1331216,not found,Small molecule,Anticholinergic,0,FALSE,0,TRUE,0,FALSE,FALSE,FALSE,289.167.793.596
SULTHIAME,NS(=O)(=O)c1ccc(N2CCCCS2(=O)=O)cc1,CHEMBL328560,not found,Small molecule,Anticonvulsant,0,FALSE,0,TRUE,0,FALSE,FALSE,FALSE,290.039.498.928
METHENAMINE MANDELATE,C1N2CN3CN1CN(C2)C3.O=C(O)C(O)c1ccccc1,CHEMBL3833312,1967.0,Small molecule,Antibacterial,0,FALSE,0,TRUE,0,TRUE,FALSE,FALSE,29.215.354.049.999.900
DIMETHINDENE,CC(C1=C(CCN(C)C)Cc2ccccc21)c1ccccn1,CHEMBL22108,not found,Small molecule,Antihistaminic,0,FALSE,0,TRUE,0,TRUE,FALSE,TRUE,292.193.948.768
LUMIRACOXIB,Cc1ccc(Nc2c(F)cccc2Cl)c(CC(=O)O)c1,CHEMBL404108,not found,Small molecule,,0,TRUE,0,TRUE,0,TRUE,FALSE,FALSE,293.061.884.556
BUTRIPTYLINE,CC(CC1c2ccccc2CCc2ccccc21)CN(C)C,CHEMBL2110816,not found,Small molecule,Antidepressant,0,FALSE,0,TRUE,0,TRUE,FALSE,FALSE,293.214.349.864
ROSOXACIN,CCn1cc(C(=O)O)c(=O)c2ccc(-c3ccncc3)cc21,CHEMBL291157,not found,Small molecule,Antibacterial,0,FALSE,0,TRUE,0,FALSE,FALSE,FALSE,294.100.442.308
DOTHIEPIN,CN(C)CC/C=C1\c2ccccc2CSc2ccccc21,CHEMBL1492500,not found,Small molecule,Antidepressant,0,FALSE,0,TRUE,0,TRUE,FALSE,FALSE,295.139.470.672
TERTATOLOL,CC(C)(C)NCC(O)COc1cccc2c1SCCC2,CHEMBL434200,not found,Small molecule,,0,FALSE,0,TRUE,0,FALSE,FALSE,FALSE,29.516.060.004
DIBENZEPIN,CN(C)CCN1C(=O)c2ccccc2N(C)c2ccccc21,CHEMBL1442422,not found,Small molecule,Antidepressant,0,FALSE,0,TRUE,0,TRUE,FALSE,FALSE,295.168.462.292
PIRIBEDIL,c1cnc(N2CCN(Cc3ccc4c(c3)OCO4)CC2)nc1,CHEMBL1371770,not found,Small molecule,,0,FALSE,0,TRUE,0,FALSE,FALSE,FALSE,298.142.975.816
MINAPRINE,Cc1cc(-c2ccccc2)nnc1NCCN1CCOCC1,CHEMBL278819,not found,Small molecule,"Antidepressant,Psychotropic",0,TRUE,0,TRUE,0,TRUE,FALSE,FALSE,298.179.361.324
HYDROCODONE,COc1ccc2c3c1O[C@H]1C(=O)CC[C@H]4[C@@H](C2)N(C)CC[C@]314,CHEMBL1457,2000.0,Small molecule,Antitussive,0,TRUE,0,TRUE,1,TRUE,FALSE,FALSE,299.152.143.532
MIANSERIN HYDROCHLORIDE,CN1CCN2c3ccccc3Cc3ccccc3C2C1.Cl,CHEMBL544428,not found,Small molecule,Antihistaminic; Serotonin Inhibitor,0,FALSE,0,TRUE,0,FALSE,FALSE,FALSE,300.139.326.352
APAZONE,CCCC1C(=O)N2C(N(C)C)=Nc3ccc(C)cc3N2C1=O,CHEMBL1565476,not found,Small molecule,Anti-Inflammatory,0,FALSE,0,TRUE,0,FALSE,FALSE,FALSE,30.015.862.588
METHANDROSTENOLONE,C[C@]12C=CC(=O)C=C1CC[C@@H]1[C@@H]2CC[C@@]2(C)[C@H]1CC[C@]2(C)O,CHEMBL1418176,1961.0,Small molecule,Androgenic,0,TRUE,0,TRUE,1,TRUE,FALSE,FALSE,300.208.930.136
ALLYLESTRENOL,C=CC[C@]1(O)CC[C@H]2[C@@H]3CCC4=CCCCC4[C@H]3CC[C@@]21C,CHEMBL2105618,not found,Small molecule,,0,FALSE,0,TRUE,1,FALSE,FALSE,FALSE,300.245.315.644
ANTAZOLINE HYDROCHLORIDE,Cl.c1ccc(CN(CC2=NCCN2)c2ccccc2)cc1,CHEMBL1256819,1990.0,Small molecule,Antihistaminic/Anticholinergic,0,FALSE,0,TRUE,0,FALSE,FALSE,TRUE,30.113.457.531.999.900
ISOXSUPRINE,CC(COc1ccccc1)NC(C)C(O)c1ccc(O)cc1,CHEMBL1197051,not found,Small molecule,Vasodilator,0,FALSE,0,TRUE,0,TRUE,FALSE,FALSE,301.167.793.596
NEOSTIGMINE BROMIDE,CN(C)C(=O)Oc1cccc([N+](C)(C)C)c1.[Br-],CHEMBL54126,not found,Small molecule,Cholinergic,0,FALSE,0,TRUE,0,TRUE,FALSE,FALSE,302.062.989.948
CYCLIZINE HYDROCHLORIDE,CN1CCN(C(c2ccccc2)c2ccccc2)CC1.Cl,CHEMBL1324714,1954.0,Small molecule,Antihistamine/Anti-Emetic,0,FALSE,0,TRUE,0,TRUE,TRUE,FALSE,302.154.976.416
FORMESTANE,C[C@]12CCC(=O)C(O)=C1CC[C@@H]1[C@@H]2CC[C@]2(C)C(=O)CC[C@@H]12,CHEMBL132530,not found,Small molecule,,0,FALSE,0,TRUE,1,TRUE,FALSE,FALSE,30.218.819.469.199.900
RIMITEROL HYDROBROMIDE,Br.Oc1ccc(C(O)C2CCCCN2)cc1O,CHEMBL2000813,not found,Small molecule,,0,FALSE,0,TRUE,0,FALSE,FALSE,FALSE,303.047.005.536
PIPEMIDIC ACID,CCn1cc(C(=O)O)c(=O)c2cnc(N3CCNCC3)nc21,CHEMBL30116,not found,Small molecule,,0,FALSE,0,TRUE,0,FALSE,FALSE,FALSE,303.133.139.404
CHLORPHENOXAMINE,CN(C)CCOC(C)(c1ccccc1)c1ccc(Cl)cc1,CHEMBL2110774,not found,Small molecule,,0,FALSE,0,TRUE,0,FALSE,FALSE,FALSE,303.138.992.004
FENOTEROL,CC(Cc1ccc(O)cc1)NCC(O)c1cc(O)cc(O)c1,CHEMBL32800,not found,Small molecule,Bronchodilator,0,TRUE,0,TRUE,0,TRUE,FALSE,FALSE,303.147.058.152
VILDAGLIPTIN,N#C[C@@H]1CCCN1C(=O)CNC12CC3CC(CC(O)(C3)C1)C2,CHEMBL142703,not found,Small molecule,,0,FALSE,0,TRUE,0,FALSE,FALSE,FALSE,30.319.467.704
METHYLATROPINE,C[N+]1(C)[C@@H]2CC[C@H]1C[C@@H](OC(=O)C(CO)c1ccccc1)C2,CHEMBL1187724,not found,Small molecule,Anticholinergic,0,FALSE,0,TRUE,0,FALSE,FALSE,FALSE,30.419.072.011.209
MESTEROLONE,C[C@H]1CC(=O)C[C@@H]2CC[C@H]3[C@@H]4CC[C@H](O)[C@@]4(C)CC[C@@H]3[C@]21C,CHEMBL258918,not found,Small molecule,Androgen,0,FALSE,0,TRUE,1,FALSE,FALSE,FALSE,304.240.230.264
DAPOXETINE,CN(C)[C@@H](CCOc1cccc2ccccc12)c1ccccc1,CHEMBL2110900,not found,Small molecule,Antidepressant,0,FALSE,0,TRUE,0,TRUE,FALSE,FALSE,305.177.964.356
MITOBRONITOL,O[C@@H]([C@H](O)[C@H](O)CBr)[C@H](O)CBr,CHEMBL447629,not found,Small molecule,,0,FALSE,0,TRUE,0,FALSE,FALSE,FALSE,305.910.233.064
TOLNAFTATE,Cc1cccc(N(C)C(=S)Oc2ccc3ccccc3c2)c1,CHEMBL83668,1965.0,Small molecule,Antifungal,0,FALSE,0,TRUE,0,FALSE,FALSE,TRUE,30.710.308.516.400.000
NIMESULIDE,CS(=O)(=O)Nc1ccc([N+](=O)[O-])cc1Oc1ccccc1,CHEMBL56367,not found,Small molecule,,0,TRUE,0,TRUE,0,TRUE,FALSE,FALSE,308.046.692.484
GESTRINONE,C#C[C@]1(O)CC[C@H]2[C@@H]3CCC4=CC(=O)CCC4=C3C=C[C@@]21CC,CHEMBL1868702,not found,Small molecule,Progestin,0,FALSE,0,TRUE,1,FALSE,FALSE,FALSE,308.177.630.008
GLYMIDINE,COCCOc1cnc(NS(=O)(=O)c2ccccc2)nc1,CHEMBL1697838,not found,Small molecule,Antidiabetic,0,FALSE,0,TRUE,0,FALSE,FALSE,FALSE,30.907.832.696
BENZYDAMINE,CN(C)CCCOc1nn(Cc2ccccc2)c2ccccc12,CHEMBL12610,not found,Small molecule,Anti-Inflammatory; Antipyretic; Analgesic,0,FALSE,0,TRUE,0,FALSE,FALSE,TRUE,309.184.112.356
SULFADIMETHOXINE,COc1cc(NS(=O)(=O)c2ccc(N)cc2)nc(OC)n1,CHEMBL62193,not found,Small molecule,,0,TRUE,0,TRUE,1,FALSE,FALSE,FALSE,310.073.575.928
BIFONAZOLE,c1ccc(-c2ccc(C(c3ccccc3)n3ccnc3)cc2)cc1,CHEMBL277535,not found,Small molecule,Antifungal,0,FALSE,0,TRUE,0,FALSE,FALSE,TRUE,310.146.998.576
XANTHINOL,CN(CCO)CC(O)Cn1cnc2c1c(=O)n(C)c(=O)n2C,CHEMBL1624126,not found,Small molecule,,0,FALSE,0,TRUE,1,TRUE,FALSE,FALSE,31.115.935.415.200.000
PIRBUTEROL HYDROCHLORIDE,CC(C)(C)NCC(O)c1ccc(O)c(CO)n1.Cl.Cl,CHEMBL3989646,1986.0,Small molecule,Bronchodilator,0,FALSE,0,TRUE,0,FALSE,FALSE,TRUE,312.100.747.924
ARTEMOTIL,CCO[C@H]1O[C@@H]2O[C@@]3(C)CC[C@H]4[C@H](C)CC[C@@H]([C@H]1C)[C@@]24OO3,CHEMBL301267,not found,Small molecule,,0,FALSE,0,TRUE,1,FALSE,TRUE,FALSE,312.193.673.996
TIBOLONE,C#C[C@]1(O)CC[C@H]2[C@@H]3[C@H](C)CC4=C(CCC(=O)C4)[C@H]3CC[C@@]21C,CHEMBL2103774,not found,Small molecule,Menopausal Symptoms Suppressant,0,FALSE,0,TRUE,1,TRUE,FALSE,FALSE,312.208.930.136
FLUNITRAZEPAM,CN1C(=O)CN=C(c2ccccc2F)c2cc([N+](=O)[O-])ccc21,CHEMBL13280,not found,Small molecule,Sedative-Hypnotic,0,TRUE,0,TRUE,0,TRUE,FALSE,FALSE,313.086.269.464
BENORILATE,CC(=O)Nc1ccc(OC(=O)c2ccccc2OC(C)=O)cc1,CHEMBL162036,not found,Small molecule,,0,FALSE,0,TRUE,0,TRUE,FALSE,FALSE,31.309.502.258
REBOXETINE,CCOc1ccccc1OC(c1ccccc1)C1CNCCO1,CHEMBL14370,1999.0,Small molecule,Antidepressant,0,TRUE,0,TRUE,0,TRUE,FALSE,FALSE,313.167.793.596
BROMAZEPAM,O=C1CN=C(c2ccccn2)c2cc(Br)ccc2N1,CHEMBL277062,not found,Small molecule,Tranquilizer (minor),0,FALSE,0,TRUE,0,TRUE,FALSE,FALSE,31.500.072.404
PENTAERYTHRITOL TETRANITRATE,O=[N+]([O-])OCC(CO[N+](=O)[O-])(CO[N+](=O)[O-])CO[N+](=O)[O-],CHEMBL466659,not found,Small molecule,Vasodilator,0,FALSE,0,TRUE,0,TRUE,FALSE,FALSE,31.601.387.169.599.900
CLOTIAZEPAM,CCc1cc2c(s1)N(C)C(=O)CN=C2c1ccccc1Cl,CHEMBL1697737,not found,Small molecule,,0,FALSE,0,TRUE,0,TRUE,FALSE,FALSE,31.805.936.178
PROTHIPENDYL HYDROCHLORIDE,CN(C)CCCN1c2ccccc2Sc2cccnc21.Cl,CHEMBL2107124,not found,Small molecule,,0,FALSE,0,TRUE,0,FALSE,FALSE,FALSE,32.110.664.632
MORPHINE HYDROCHLORIDE,CN1CC[C@]23c4c5ccc(O)c4O[C@H]2[C@@H](O)C=C[C@H]3[C@H]1C5.Cl,CHEMBL556578,1941.0,Small molecule,Anesthetic,0,FALSE,0,TRUE,1,TRUE,TRUE,FALSE,32.111.317.118
PHENAZOCINE,CC1C2Cc3ccc(O)cc3C1(C)CCN2CCc1ccccc1,CHEMBL46399,not found,Small molecule,,0,FALSE,0,TRUE,0,FALSE,FALSE,FALSE,321.209.264.484
MEQUITAZINE,c1ccc2c(c1)Sc1ccccc1N2CC1CN2CCC1CC2,CHEMBL73451,not found,Small molecule,,0,FALSE,0,TRUE,0,FALSE,FALSE,FALSE,32.215.036.970.399.900
GLICLAZIDE,Cc1ccc(S(=O)(=O)NC(=O)NN2CC3CCCC3C2)cc1,CHEMBL427216,not found,Small molecule,,0,FALSE,0,TRUE,0,TRUE,FALSE,FALSE,32.313.036.253.200.000
PIPERIDOLATE,CCN1CCCC(OC(=O)C(c2ccccc2)c2ccccc2)C1,CHEMBL1623992,not found,Small molecule,,0,FALSE,0,TRUE,0,FALSE,FALSE,FALSE,32.318.852.904.000.000
PIXANTRONE,NCCNc1ccc(NCCN)c2c1C(=O)c1ccncc1C2=O,CHEMBL167731,not found,Small molecule,,0,FALSE,0,TRUE,0,FALSE,FALSE,FALSE,325.153.874.848
ERGONOVINE,C[C@@H](CO)NC(=O)[C@@H]1C=C2c3cccc4[nH]cc(c34)C[C@H]2N(C)C1,CHEMBL119443,not found,Small molecule,Oxytocic,0,FALSE,0,TRUE,1,FALSE,TRUE,FALSE,32.517.902.697.600.000
IFENPRODIL,CC(C(O)c1ccc(O)cc1)N1CCC(Cc2ccccc2)CC1,CHEMBL305187,2022.0,Small molecule,Pulmonary Fibrosis,0,FALSE,0,TRUE,0,TRUE,FALSE,FALSE,32.520.417.910.400.000
DILOXANIDE FUROATE,CN(C(=O)C(Cl)Cl)c1ccc(OC(=O)c2ccco2)cc1,CHEMBL1334860,not found,Small molecule,,0,FALSE,0,TRUE,0,FALSE,FALSE,FALSE,327.006.513.192
NOMEGESTROL,CC(=O)[C@@]1(O)CC[C@H]2[C@@H]3C=C(C)C4=CC(=O)CC[C@@H]4[C@H]3CC[C@@]21C,CHEMBL2105722,not found,Small molecule,,0,FALSE,0,TRUE,1,TRUE,FALSE,FALSE,32.820.384.475.599.900
ZOTEPINE,CN(C)CCOC1=Cc2ccccc2Sc2ccc(Cl)cc21,CHEMBL285802,not found,Small molecule,,0,FALSE,0,TRUE,0,TRUE,FALSE,FALSE,33.107.976.287.599.900
DOTHIEPIN HYDROCHLORIDE,CN(C)CC/C=C1\c2ccccc2CSc2ccccc21.Cl,CHEMBL1711280,not found,Small molecule,Antidepressant,0,FALSE,0,TRUE,0,TRUE,FALSE,FALSE,331.116.148.384
DIBENZEPIN HYDROCHLORIDE,CN(C)CCN1C(=O)c2ccccc2N(C)c2ccccc21.Cl,CHEMBL2104287,not found,Small molecule,Antidepressant,0,FALSE,0,TRUE,0,TRUE,FALSE,FALSE,331.145.140.004
OXITROPIUM,CC[N+]1(C)[C@@H]2CC(OC(=O)[C@H](CO)c3ccccc3)C[C@H]1[C@@H]1O[C@@H]12,CHEMBL4297364,not found,Small molecule,,0,FALSE,0,TRUE,0,FALSE,FALSE,FALSE,33.218.563.473.208.900
PEFLOXACIN,CCn1cc(C(=O)O)c(=O)c2cc(F)c(N3CCN(C)CC3)cc21,CHEMBL267648,not found,Small molecule,Antibacterial,0,FALSE,0,TRUE,0,FALSE,FALSE,FALSE,33.314.886.972
SAXAGLIPTIN,N#C[C@@H]1C[C@@H]2C[C@@H]2N1C(=O)[C@@H](N)C12CC3CC(CC(O)(C3)C1)C2.O,CHEMBL2103745,2009.0,Small molecule,Diabetes Mellitus,0,FALSE,0,TRUE,0,TRUE,FALSE,FALSE,33.320.524.172.399.900
LORMETAZEPAM,CN1C(=O)C(O)N=C(c2ccccc2Cl)c2cc(Cl)ccc21,CHEMBL22097,not found,Small molecule,Sedative-Hypnotic,0,FALSE,0,TRUE,0,TRUE,FALSE,FALSE,334.027.582.984
PROGLUMIDE,CCCN(CCC)C(=O)C(CCC(=O)O)NC(=O)c1ccccc1,CHEMBL316561,not found,Small molecule,Anticholinergic,0,TRUE,0,TRUE,0,TRUE,FALSE,FALSE,334.189.257.312
TENOXICAM,CN1C(C(=O)Nc2ccccn2)=C(O)c2sccc2S1(=O)=O,CHEMBL302795,not found,Small molecule,Anti-Inflammatory,0,FALSE,0,TRUE,0,TRUE,TRUE,FALSE,337.019.097.832
ISOXSUPRINE HYDROCHLORIDE,CC(COc1ccccc1)NC(C)C(O)c1ccc(O)cc1.Cl,CHEMBL559180,1959.0,Small molecule,Vasodilator,0,TRUE,0,TRUE,0,TRUE,FALSE,FALSE,337.144.471.308
IDEBENONE,COC1=C(OC)C(=O)C(CCCCCCCCCCO)=C(C)C1=O,CHEMBL252556,not found,Small molecule,,0,FALSE,0,TRUE,0,TRUE,FALSE,FALSE,33.820.932.406
LISURIDE,CCN(CC)C(=O)N[C@H]1C=C2c3cccc4[nH]cc(c34)C[C@H]2N(C)C1,CHEMBL157138,not found,Small molecule,,0,FALSE,0,TRUE,1,TRUE,FALSE,FALSE,338.210.661.452
CHLORPHENOXAMINE HYDROCHLORIDE,CN(C)CCOC(C)(c1ccccc1)c1ccc(Cl)cc1.Cl,CHEMBL2105980,not found,Small molecule,,0,FALSE,0,TRUE,0,TRUE,FALSE,FALSE,339.115.669.716
PAPAVERINE,COc1ccc(Cc2nccc3cc(OC)c(OC)cc23)cc1OC,CHEMBL19224,not found,Small molecule,Relaxant (smooth muscle),0,FALSE,0,TRUE,0,FALSE,TRUE,FALSE,339.147.058.152
XAMOTEROL,O=C(NCCNCC(O)COc1ccc(O)cc1)N1CCOCC1,CHEMBL75753,not found,Small molecule,Stimulant (cardiac),0,FALSE,0,TRUE,0,FALSE,FALSE,FALSE,3.391.794.209
HEXETIDINE,CCCCC(CC)CN1CN(CC(CC)CCCC)CC(C)(N)C1,CHEMBL144673,not found,Small molecule,,0,FALSE,0,TRUE,0,FALSE,FALSE,TRUE,33.936.134.844.000.000
MEDROGESTONE,CC(=O)[C@@]1(C)CC[C@H]2[C@@H]3C=C(C)C4=CC(=O)CC[C@]4(C)[C@H]3CC[C@@]21C,CHEMBL2106825,not found,Small molecule,Progestin,0,FALSE,0,TRUE,1,TRUE,FALSE,FALSE,340.240.230.264
SULPIRIDE,CCN1CCCC1CNC(=O)c1cc(S(N)(=O)=O)ccc1OC,CHEMBL26,not found,Small molecule,Antidepressant,0,FALSE,0,TRUE,0,TRUE,FALSE,FALSE,341.140.927.216
CLOTHIAPINE,CN1CCN(C2=Nc3ccccc3Sc3ccc(Cl)cc32)CC1,CHEMBL304902,not found,Small molecule,Antipsychotic,0,FALSE,0,TRUE,0,TRUE,TRUE,FALSE,343.090.996.256
FLUTRIMAZOLE,Fc1ccc(C(c2ccccc2)(c2ccccc2F)n2ccnc2)cc1,CHEMBL2107430,not found,Small molecule,,0,FALSE,0,TRUE,0,FALSE,FALSE,TRUE,346.128.154.952
INDORAMIN,O=C(NC1CCN(CCc2c[nH]c3ccccc23)CC1)c1ccccc1,CHEMBL279516,not found,Small molecule,Antihypertensive,0,TRUE,0,TRUE,0,TRUE,FALSE,FALSE,34.719.976.242
VERNAKALANT,COc1ccc(CCO[C@@H]2CCCC[C@H]2N2CC[C@@H](O)C2)cc1OC,CHEMBL2111112,not found,Small molecule,,0,FALSE,0,TRUE,0,FALSE,TRUE,FALSE,349.225.308.472
DIPIPANONE,CCC(=O)C(CC(C)N1CCCCC1)(c1ccccc1)c1ccccc1,CHEMBL2111157,not found,Small molecule,,0,FALSE,0,TRUE,0,TRUE,FALSE,FALSE,349.240.564.612
ABIRATERONE,C[C@]12CC[C@H](O)CC1=CC[C@@H]1[C@@H]2CC[C@]2(C)C(c3cccnc3)=CC[C@@H]12,CHEMBL254328,2011.0,Small molecule,Antiandrogen,0,FALSE,0,TRUE,1,TRUE,FALSE,FALSE,349.240.564.612
VINPOCETINE,CCOC(=O)C1=C[C@]2(CC)CCCN3CCc4c(n1c1ccccc41)[C@@H]32,CHEMBL71752,not found,Small molecule,,0,FALSE,0,TRUE,0,TRUE,FALSE,FALSE,350.199.428.072
PIRENZEPINE,CN1CCN(CC(=O)N2c3ccccc3C(=O)Nc3cccnc32)CC1,CHEMBL9967,not found,Small molecule,Anti-Ulcerative,0,FALSE,0,TRUE,0,FALSE,FALSE,FALSE,35.116.952.491.200.000
ROXADUSTAT,Cc1nc(C(=O)NCC(=O)O)c(O)c2ccc(Oc3ccccc3)cc12,CHEMBL2338329,not found,Small molecule,,0,FALSE,0,TRUE,0,TRUE,FALSE,FALSE,352.105.921.612
ACECLOFENAC,O=C(O)COC(=O)Cc1ccccc1Nc1c(Cl)cccc1Cl,CHEMBL93645,not found,Small molecule,,0,FALSE,0,TRUE,0,TRUE,FALSE,FALSE,35.302.216.325.600.000
ACENOCOUMAROL,CC(=O)CC(c1ccc([N+](=O)[O-])cc1)c1c(O)c2ccccc2oc1=O,CHEMBL397420,not found,Small molecule,,0,FALSE,0,TRUE,0,TRUE,FALSE,FALSE,35.308.993.719.999.900
XIPAMIDE,Cc1cccc(C)c1NC(=O)c1cc(S(N)(=O)=O)c(Cl)cc1O,CHEMBL517199,not found,Small molecule,Antihypertensive; Diuretic,0,FALSE,0,TRUE,0,TRUE,FALSE,FALSE,35.404.410.564
YOHIMBINE,COC(=O)[C@@H]1[C@H]2C[C@H]3c4[nH]c5ccccc5c4CCN3C[C@@H]2CC[C@@H]1O,CHEMBL15245,not found,Small molecule,,0,FALSE,0,TRUE,1,FALSE,FALSE,FALSE,35.419.434.269.199.900
PIPENZOLATE,CC[N+]1(C)CCCC(OC(=O)C(O)(c2ccccc2)c2ccccc2)C1,CHEMBL1619528,not found,Small molecule,,0,FALSE,0,TRUE,0,FALSE,FALSE,FALSE,35.420.637.017.609
HOMATROPINE HYDROBROMIDE,Br.CN1[C@@H]2CC[C@H]1C[C@@H](OC(=O)C(O)c1ccccc1)C2,CHEMBL1319362,2016.0,Small molecule,Anticholinergic,0,FALSE,0,TRUE,0,FALSE,FALSE,TRUE,35.507.830.566.399.900
QUINESTRADOL,C[C@]12CC[C@@H]3c4ccc(OC5CCCC5)cc4CC[C@H]3[C@@H]1C[C@@H](O)[C@@H]2O,CHEMBL2107004,not found,Small molecule,,0,FALSE,0,TRUE,1,FALSE,FALSE,FALSE,35.623.514.488.399.900
DOPEXAMINE,Oc1ccc(CCNCCCCCCNCCc2ccccc2)cc1O,CHEMBL77622,not found,Small molecule,Cardiovascular Agent,0,FALSE,0,TRUE,0,FALSE,TRUE,FALSE,35.624.637.826.399.900
TOLRESTAT,COc1ccc2c(C(=S)N(C)CC(=O)O)cccc2c1C(F)(F)F,CHEMBL436,not found,Small molecule,Inhibitor (aldose reductase),0,TRUE,0,TRUE,0,FALSE,FALSE,FALSE,357.064.648.968
NALBUPHINE,Oc1ccc2c3c1O[C@H]1[C@@H](O)CC[C@@]4(O)[C@@H](C2)N(CC2CCC2)CC[C@]314,CHEMBL895,1979.0,Small molecule,Analgesic,0,FALSE,0,TRUE,1,FALSE,TRUE,FALSE,357.194.008.344
ETORICOXIB,Cc1ccc(-c2ncc(Cl)cc2-c2ccc(S(C)(=O)=O)cc2)cn1,CHEMBL416146,not found,Small molecule,,0,FALSE,0,TRUE,0,TRUE,FALSE,FALSE,3.580.542.764
CANRENOATE,C[C@]12CCC(=O)C=C1C=C[C@@H]1[C@@H]2CC[C@@]2(C)[C@H]1CC[C@@]2(O)CCC(=O)O,CHEMBL1616951,not found,Small molecule,Aldosterone Antagonist,0,FALSE,0,TRUE,1,FALSE,FALSE,FALSE,35.821.440.943.999.900
PIPERIDOLATE HYDROCHLORIDE,CCN1CCCC(OC(=O)C(c2ccccc2)c2ccccc2)C1.Cl,CHEMBL1511957,not found,Small molecule,,0,FALSE,0,TRUE,0,FALSE,FALSE,FALSE,359.165.206.752
IXAZOMIB,CC(C)C[C@H](NC(=O)CNC(=O)c1cc(Cl)ccc1Cl)B(O)O,CHEMBL2141296,2015.0,Small molecule,Proteasome Inhibitor,0,FALSE,0,TRUE,0,TRUE,FALSE,FALSE,360.081.492.848
NITRENDIPINE,CCOC(=O)C1=C(C)NC(C)=C(C(=O)OC)C1c1cccc([N+](=O)[O-])c1,CHEMBL475534,not found,Small molecule,Antihypertensive,0,FALSE,0,TRUE,0,FALSE,FALSE,FALSE,36.013.213.635.999.900
QUININE HYDROCHLORIDE,C=C[C@H]1CN2CC[C@H]1C[C@H]2[C@H](O)c1ccnc2ccc(OC)cc12.Cl,CHEMBL588046,not found,Small molecule,,0,FALSE,0,TRUE,1,FALSE,FALSE,FALSE,36.016.045.572
BEZAFIBRATE,CC(C)(Oc1ccc(CCNC(=O)c2ccc(Cl)cc2)cc1)C(=O)O,CHEMBL264374,not found,Small molecule,Antihyperlipoproteinemic,0,FALSE,0,TRUE,0,FALSE,FALSE,FALSE,3.611.080.857.999.990
EMEPRONIUM BROMIDE,CC[N+](C)(C)C(C)CC(c1ccccc1)c1ccccc1.[Br-],CHEMBL2106122,not found,Small molecule,,0,FALSE,0,TRUE,0,FALSE,FALSE,FALSE,361.140.511.996
PIRETANIDE,NS(=O)(=O)c1cc(C(=O)O)cc(N2CCCC2)c1Oc1ccccc1,CHEMBL349803,not found,Small molecule,Diuretic,0,FALSE,0,TRUE,0,FALSE,FALSE,FALSE,362.093.642.676
LACHESINE CHLORIDE,CC[N+](C)(C)CCOC(=O)C(O)(c1ccccc1)c1ccccc1.[Cl-],CHEMBL2106313,not found,Small molecule,,0,FALSE,0,TRUE,0,FALSE,FALSE,FALSE,363.160.121.372
PHENETHICILLIN,CC(Oc1ccccc1)C(=O)N[C@@H]1C(=O)N2[C@@H]1SC(C)(C)[C@@H]2C(=O)O,CHEMBL1614637,not found,Small molecule,,0,FALSE,0,TRUE,1,FALSE,FALSE,FALSE,36.410.929.273.999.900
LEVOMEPROMAZINE HYDROCHLORIDE,COc1ccc2c(c1)N(C[C@H](C)CN(C)C)c1ccccc1S2.Cl,CHEMBL2104973,1966.0,Small molecule,Schizophrenia,0,TRUE,0,TRUE,0,FALSE,TRUE,FALSE,3.641.376.121
CYCLOFENIL,CC(=O)Oc1ccc(C(=C2CCCCC2)c2ccc(OC(C)=O)cc2)cc1,CHEMBL141305,not found,Small molecule,,0,TRUE,0,TRUE,0,FALSE,FALSE,FALSE,36.416.745.924.799.900
PERICIAZINE,N#Cc1ccc2c(c1)N(CCCN1CCC(O)CC1)c1ccccc1S2,CHEMBL251940,not found,Small molecule,,0,FALSE,0,TRUE,0,FALSE,FALSE,FALSE,365.156.183.356
GLIBORNURIDE,Cc1ccc(S(=O)(=O)NC(=O)N[C@H]2[C@H]3CC[C@@](C)([C@H]2O)C3(C)C)cc1,CHEMBL529888,not found,Small molecule,Antidiabetic,0,FALSE,0,TRUE,0,FALSE,FALSE,FALSE,36.616.132.831.199.900
METHYLATROPINE NITRATE,C[N+]1(C)[C@@H]2CC[C@H]1C[C@@H](OC(=O)C(CO)c1ccccc1)C2.O=[N+]([O-])[O-],CHEMBL516476,not found,Small molecule,Anticholinergic,0,FALSE,0,TRUE,0,FALSE,FALSE,FALSE,36.617.908.655.199.900
PROPIVERINE,CCCOC(C(=O)OC1CCN(C)CC1)(c1ccccc1)c1ccccc1,CHEMBL1078261,not found,Small molecule,,0,FALSE,0,TRUE,0,FALSE,FALSE,FALSE,367.214.743.788
DIACEREIN,CC(=O)Oc1cccc2c1C(=O)c1c(OC(C)=O)cc(C(=O)O)cc1C2=O,CHEMBL41286,not found,Small molecule,,0,FALSE,0,TRUE,0,FALSE,FALSE,FALSE,36.805.321.734.399.900
KETAZOLAM,CC1=CC(=O)N2CC(=O)N(C)c3ccc(Cl)cc3C2(c2ccccc2)O1,CHEMBL2104356,not found,Small molecule,Tranquilizer (minor),0,FALSE,0,TRUE,0,FALSE,FALSE,FALSE,368.092.770.084
CINNARIZINE,C(=C/c1ccccc1)\CN1CCN(C(c2ccccc2)c2ccccc2)CC1,CHEMBL43064,not found,Small molecule,Antihistaminic,0,FALSE,0,TRUE,0,FALSE,FALSE,FALSE,368.225.248.896
PRAJMALIUM,CCC[N+]12[C@H](O)[C@@H](CC)[C@@H]3C[C@H]1[C@@H]1N(C)c4ccccc4[C@]14C[C@H]2[C@@H]3[C@H]4O,CHEMBL3833382,not found,Small molecule,,0,FALSE,0,TRUE,1,FALSE,FALSE,FALSE,36.925.365.471.609
PARECOXIB,CCC(=O)NS(=O)(=O)c1ccc(-c2c(-c3ccccc3)noc2C)cc1,CHEMBL1206690,not found,Small molecule,,0,FALSE,0,TRUE,0,FALSE,FALSE,FALSE,37.009.872.805.599.900
TEDIZOLID,Cn1nnc(-c2ccc(-c3ccc(N4C[C@H](CO)OC4=O)cc3F)cn2)n1,CHEMBL1257051,2014.0,Small molecule,Antibacterial,0,FALSE,0,TRUE,0,TRUE,TRUE,FALSE,37.011.896.656.000.000
MINAPRINE HYDROCHLORIDE,Cc1cc(-c2ccccc2)nnc1NCCN1CCOCC1.Cl.Cl,CHEMBL1364551,not found,Small molecule,,0,TRUE,0,TRUE,0,FALSE,FALSE,FALSE,370.132.716.748
LORNOXICAM,CN1C(C(=O)Nc2ccccn2)=C(O)c2sc(Cl)cc2S1(=O)=O,CHEMBL1569487,not found,Small molecule,Anti-Inflammatory; Analgesic,0,FALSE,0,TRUE,0,FALSE,FALSE,FALSE,3.709.801.254.799.990
CLEBOPRIDE,COc1cc(N)c(Cl)cc1C(=O)NC1CCN(Cc2ccccc2)CC1,CHEMBL325109,not found,Small molecule,Anti-Emetic,0,FALSE,0,TRUE,0,FALSE,FALSE,FALSE,373.155.704.688
BROMHEXINE,CN(Cc1cc(Br)cc(Br)c1N)C1CCCCC1,CHEMBL253376,not found,Small molecule,Expectorant; Mucolytic,0,FALSE,0,TRUE,0,FALSE,FALSE,FALSE,37.399.932.284.000.000
PAPAVERINE HYDROCHLORIDE,COc1ccc(Cc2nccc3cc(OC)c(OC)cc23)cc1OC.Cl,CHEMBL98123,not found,Small molecule,Relaxant (smooth muscle),0,FALSE,0,TRUE,0,FALSE,FALSE,FALSE,37.512.373.586.399.900
PICOTAMIDE,COc1ccc(C(=O)NCc2cccnc2)cc1C(=O)NCc1cccnc1,CHEMBL1257015,not found,Small molecule,,0,FALSE,0,TRUE,0,FALSE,FALSE,FALSE,3.761.535.405
ESTRADIOL BENZOATE,C[C@]12CC[C@@H]3c4ccc(OC(=O)c5ccccc5)cc4CC[C@H]3[C@@H]1CC[C@@H]2O,CHEMBL282575,not found,Small molecule,,0,FALSE,0,TRUE,1,FALSE,FALSE,FALSE,37.620.384.475.599.900
FLUOCORTOLONE,C[C@@H]1C[C@H]2[C@@H]3C[C@H](F)C4=CC(=O)C=C[C@]4(C)[C@H]3[C@@H](O)C[C@]2(C)[C@H]1C(=O)CO,CHEMBL251634,not found,Small molecule,Glucocorticoid,0,FALSE,0,TRUE,1,FALSE,FALSE,FALSE,37.620.498.762.799.900
CARBENICILLIN,CC1(C)S[C@@H]2[C@H](NC(=O)C(C(=O)O)c3ccccc3)C(=O)N2[C@H]1C(=O)O,CHEMBL1214,1972.0,Small molecule,Antibacterial,0,FALSE,0,TRUE,1,TRUE,TRUE,FALSE,3.780.885.572.959.990
PROPICILLIN,CCC(Oc1ccccc1)C(=O)N[C@@H]1C(=O)N2[C@@H]1SC(C)(C)[C@@H]2C(=O)O,CHEMBL2105612,not found,Small molecule,,0,FALSE,0,TRUE,1,FALSE,FALSE,FALSE,37.812.494.280.399.900
CYCLOPENTHIAZIDE,NS(=O)(=O)c1cc2c(cc1Cl)NC(CC1CCCC1)NS2(=O)=O,CHEMBL1373254,not found,Small molecule,Antihypertensive,0,FALSE,0,TRUE,0,FALSE,FALSE,FALSE,3.790.427.257.359.990
OXYPERTINE,COc1cc2[nH]c(C)c(CCN3CCN(c4ccccc4)CC3)c2cc1OC,CHEMBL2107011,not found,Small molecule,Antidepressant,0,FALSE,0,TRUE,0,FALSE,FALSE,FALSE,379.225.977.168
CELIPROLOL,CCN(CC)C(=O)Nc1ccc(OCC(O)CNC(C)(C)C)c(C(C)=O)c1,CHEMBL27810,not found,Small molecule,Anti-Adrenergic (beta-receptor),0,FALSE,0,TRUE,0,FALSE,FALSE,FALSE,379.247.106.536
BENPERIDOL,O=C(CCCN1CCC(n2c(=O)[nH]c3ccccc32)CC1)c1ccc(F)cc1,CHEMBL297302,not found,Small molecule,Antipsychotic,0,FALSE,0,TRUE,0,FALSE,FALSE,FALSE,38.118.525.522.799.900
MEFRUSIDE,CN(CC1(C)CCCO1)S(=O)(=O)c1ccc(Cl)c(S(N)(=O)=O)c1,CHEMBL2105131,not found,Small molecule,Diuretic,0,FALSE,0,TRUE,0,FALSE,FALSE,FALSE,38.204.239.138.800.000
RACECADOTRIL,CC(=O)SCC(Cc1ccccc1)C(=O)NCC(=O)OCc1ccccc1,CHEMBL2103772,not found,Small molecule,,0,FALSE,0,TRUE,0,FALSE,FALSE,FALSE,38.513.477.921.599.900
DIPIPANONE HYDROCHLORIDE,CCC(=O)C(CC(C)N1CCCCC1)(c1ccccc1)c1ccccc1.Cl,CHEMBL2107606,not found,Small molecule,,0,FALSE,0,TRUE,0,FALSE,FALSE,FALSE,385.217.242.324
AMOXICILLIN SODIUM,CC1(C)S[C@@H]2[C@H](NC(=O)[C@H](N)c3ccc(O)cc3)C(=O)N2[C@H]1C(=O)[O-].[Na+],CHEMBL2105950,1974.0,Small molecule,Antibacterial,0,FALSE,0,TRUE,1,TRUE,TRUE,FALSE,387.086.485.956
BARBEXACLONE,CCC1(c2ccccc2)C(=O)NC(=O)NC1=O.CNC(C)CC1CCCCC1,CHEMBL3833301,not found,Small molecule,,0,FALSE,0,TRUE,0,FALSE,FALSE,FALSE,387.252.191.916
ZOPICLONE,CN1CCN(C(=O)OC2c3nccnc3C(=O)N2c2ccc(Cl)cn2)CC1,CHEMBL135400,not found,Small molecule,,0,FALSE,0,TRUE,0,FALSE,FALSE,FALSE,38.810.506.608.400.000
REPROTEROL,Cn1c(=O)c2c(ncn2CCCNCC(O)c2cc(O)cc(O)c2)n(C)c1=O,CHEMBL1095607,not found,Small molecule,Bronchodilator,0,FALSE,0,TRUE,1,FALSE,FALSE,FALSE,38.916.991.883.599.900
AMBUTONIUM BROMIDE,CC[N+](C)(C)CCC(C(N)=O)(c1ccccc1)c1ccccc1.[Br-],CHEMBL2105972,not found,Small molecule,,0,FALSE,0,TRUE,0,FALSE,FALSE,FALSE,3.901.306.755.840.000
YOHIMBINE HYDROCHLORIDE,COC(=O)[C@@H]1[C@H]2C[C@H]3c4[nH]c5ccccc5c4CCN3C[C@@H]2CC[C@@H]1O.Cl,CHEMBL537669,not found,Small molecule,,0,FALSE,0,TRUE,1,FALSE,FALSE,FALSE,390.171.020.404
FONAZINE,CC(CN1c2ccccc2Sc2ccc(S(=O)(=O)N(C)C)cc21)N(C)C,CHEMBL346977,not found,Small molecule,Serotonin Inhibitor,0,FALSE,0,TRUE,0,FALSE,FALSE,FALSE,39.113.881.904.000.000
PARECOXIB SODIUM,CCC(=O)[N-]S(=O)(=O)c1ccc(-c2c(-c3ccccc3)noc2C)cc1.[Na+],CHEMBL296913,not found,Small molecule,,0,FALSE,0,TRUE,0,FALSE,FALSE,FALSE,3.920.806.723.040.000
DEXTROMORAMIDE,C[C@@H](CC(C(=O)N1CCCC1)(c1ccccc1)c1ccccc1)N1CCOCC1,CHEMBL3833389,not found,Small molecule,,0,FALSE,0,TRUE,0,FALSE,FALSE,FALSE,392.246.378.264
AMSACRINE,COc1cc(NS(C)(=O)=O)ccc1Nc1c2ccccc2nc2ccccc12,CHEMBL43,not found,Small molecule,Antineoplastic,0,FALSE,0,TRUE,0,FALSE,FALSE,FALSE,39.311.471.246.800.000
DIFLUCORTOLONE,C[C@@H]1C[C@H]2[C@@H]3C[C@H](F)C4=CC(=O)C=C[C@]4(C)[C@@]3(F)[C@@H](O)C[C@]2(C)[C@H]1C(=O)CO,CHEMBL509924,not found,Small molecule,Glucocorticoid,0,FALSE,0,TRUE,1,FALSE,FALSE,FALSE,39.419.556.581.599.900
GEMEPROST,CCCCC(C)(C)[C@H](O)/C=C/[C@H]1[C@H](O)CC(=O)[C@@H]1CCCC/C=C/C(=O)OC,CHEMBL1908315,not found,Small molecule,Prostaglandin,0,FALSE,0,TRUE,1,FALSE,FALSE,FALSE,3.942.719.243.159.990
KETANSERIN,O=C(c1ccc(F)cc1)C1CCN(CCn2c(=O)[nH]c3ccccc3c2=O)CC1,CHEMBL51,not found,Small molecule,Serotonin Antagonist,0,FALSE,0,TRUE,1,FALSE,FALSE,FALSE,39.516.451.978.399.900
QUININE DIHYDROCHLORIDE,C=C[C@H]1CN2CC[C@H]1C[C@H]2[C@H](O)c1ccnc2ccc(OC)cc12.Cl.Cl,CHEMBL2146088,not found,Small molecule,,0,FALSE,0,TRUE,1,FALSE,FALSE,FALSE,396.137.133.432
CANRENOATE POTASSIUM,C[C@]12CCC(=O)C=C1C=C[C@@H]1[C@@H]2CC[C@@]2(C)[C@H]1CC[C@@]2(O)CCC(=O)[O-].[K+],CHEMBL1371200,not found,Small molecule,Aldosterone Antagonist,0,FALSE,0,TRUE,1,FALSE,FALSE,FALSE,39.617.029.108.799.900
ADEMETIONINE,C[S+](CC[C@H](N)C(=O)[O-])C[C@H]1O[C@@H](n2cnc3c(N)ncnc32)[C@H](O)[C@@H]1O,CHEMBL1088977,not found,Small molecule,,0,FALSE,0,TRUE,1,FALSE,FALSE,FALSE,398.137.238.804
PHOLCODINE,CN1CC[C@]23c4c5ccc(OCCN6CCOCC6)c4O[C@H]2[C@@H](O)C=C[C@H]3[C@H]1C5,CHEMBL2105224,not found,Small molecule,,0,FALSE,0,TRUE,1,FALSE,FALSE,FALSE,39.822.055.743.999.900
DIHYDROTACHYSTEROL,CC(C)[C@@H](C)/C=C/[C@@H](C)[C@H]1CC[C@H]2/C(=C/C=C3\C[C@@H](O)CC[C@@H]3C)CCC[C@]12C,CHEMBL2356023,not found,Small molecule,,0,FALSE,0,TRUE,1,FALSE,FALSE,FALSE,398.354.866.092
ALFACALCIDOL,C=C1/C(=C\C=C2/CCC[C@]3(C)[C@@H]([C@H](C)CCCC(C)C)CC[C@@H]23)C[C@@H](O)C[C@@H]1O,CHEMBL1601669,not found,Small molecule,,0,FALSE,0,TRUE,1,FALSE,FALSE,FALSE,4.003.341.306.479.990
PHENAZOCINE HYDROBROMIDE,Br.CC1C2Cc3ccc(O)cc3C1(C)CCN2CCc1ccccc1,CHEMBL2107297,not found,Small molecule,,0,FALSE,0,TRUE,0,FALSE,FALSE,FALSE,401.135.426.616
DEHYDROCHOLIC ACID,C[C@H](CCC(=O)O)[C@H]1CC[C@H]2[C@@H]3C(=O)C[C@@H]4CC(=O)CC[C@]4(C)[C@H]3CC(=O)[C@]12C,CHEMBL514446,not found,Small molecule,Choleretic,0,FALSE,0,TRUE,1,FALSE,FALSE,FALSE,40.224.062.418.799.900
PHTHALYLSULFATHIAZOLE,O=C(O)c1ccccc1C(=O)Nc1ccc(S(=O)(=O)Nc2nccs2)cc1,CHEMBL1524273,not found,Small molecule,,0,FALSE,0,TRUE,0,FALSE,FALSE,FALSE,40.302.966.251.600.000
METERGOLINE,CN1C[C@H](CNC(=O)OCc2ccccc2)C[C@@H]2c3cccc4c3c(cn4C)C[C@H]21,CHEMBL19215,not found,Small molecule,,0,FALSE,0,TRUE,1,FALSE,FALSE,FALSE,40.322.597.716.800.000
FLUNARIZINE,Fc1ccc(C(c2ccc(F)cc2)N2CCN(C/C=C/c3ccccc3)CC2)cc1,CHEMBL30008,not found,Small molecule,Vasodilator,0,FALSE,0,TRUE,0,FALSE,FALSE,FALSE,404.206.405.272
IMIDAPRIL,CCOC(=O)[C@H](CCc1ccccc1)N[C@@H](C)C(=O)N1C(=O)N(C)C[C@H]1C(=O)O,CHEMBL317094,not found,Small molecule,,0,FALSE,0,TRUE,0,FALSE,FALSE,FALSE,405.189.985.584
PENAMECILLIN,CC(=O)OCOC(=O)[C@@H]1N2C(=O)[C@@H](NC(=O)Cc3ccccc3)[C@H]2SC1(C)C,CHEMBL2106988,not found,Small molecule,Antibacterial,0,FALSE,0,TRUE,1,FALSE,FALSE,FALSE,40.611.985.742.400.000
DIMETHINDENE MALEATE,CC(C1=C(CCN(C)C)Cc2ccccc21)c1ccccn1.O=C(O)/C=C\C(=O)O,CHEMBL1870768,not found,Small molecule,Antihistaminic,0,FALSE,0,TRUE,0,FALSE,FALSE,FALSE,4.082.049.073.759.990
TRIFLUPERIDOL,O=C(CCCN1CCC(O)(c2cccc(C(F)(F)F)c2)CC1)c1ccc(F)cc1,CHEMBL15023,not found,Small molecule,Antipsychotic,0,FALSE,0,TRUE,0,FALSE,FALSE,FALSE,40.916.649.185.600.000
BROMHEXINE HYDROCHLORIDE,CN(Cc1cc(Br)cc(Br)c1N)C1CCCCC1.Cl,CHEMBL1319139,not found,Small molecule,Expectorant; Mucolytic,0,FALSE,0,TRUE,0,FALSE,FALSE,FALSE,4.099.760.005.520.000
OXITROPIUM BROMIDE,CC[N+]1(C)[C@@H]2CC(OC(=O)[C@H](CO)c3ccccc3)C[C@H]1[C@@H]1O[C@@H]12.[Br-],CHEMBL4297109,not found,Small molecule,,0,FALSE,0,TRUE,0,FALSE,FALSE,FALSE,41.110.452.041.199.900
PHENINDAMINE TARTRATE,CN1CCC2=C(C1)C(c1ccccc1)c1ccccc12.O=C(O)C(O)C(O)C(=O)O,CHEMBL2107213,2018.0,Small molecule,Antihistamine,0,FALSE,0,TRUE,0,FALSE,FALSE,FALSE,4.111.681.875.199.990
NOSCAPINE,COc1ccc2c(c1OC)C(=O)O[C@@H]2[C@H]1c2c(cc3c(c2OC)OCO3)CCN1C,CHEMBL364713,not found,Small molecule,Antitussive,0,FALSE,0,TRUE,0,FALSE,FALSE,FALSE,413.147.452.076
PHYSOSTIGMINE SALICYLATE,CNC(=O)Oc1ccc2c(c1)[C@]1(C)CCN(C)[C@@H]1N2C.O=C(O)c1ccccc1O,CHEMBL338975,not found,Small molecule,Cholinergic (ophthalmic),0,FALSE,0,TRUE,0,FALSE,FALSE,FALSE,41.319.507.096.399.900
DOMIPHEN BROMIDE,CCCCCCCCCCCC[N+](C)(C)CCOc1ccccc1.[Br-],CHEMBL486696,not found,Small molecule,"Anti-Infective, Topical",0,FALSE,0,TRUE,0,FALSE,FALSE,FALSE,41.322.932.699.999.900
LASOFOXIFENE,Oc1ccc2c(c1)CC[C@H](c1ccccc1)[C@@H]2c1ccc(OCCN2CCCC2)cc1,CHEMBL328190,not found,Small molecule,,0,FALSE,0,TRUE,0,FALSE,FALSE,FALSE,41.323.547.923.200.000
ISOCONAZOLE,Clc1ccc(C(Cn2ccnc2)OCc2c(Cl)cccc2Cl)c(Cl)c1,CHEMBL1571863,not found,Small molecule,Antifungal; Antibacterial,0,FALSE,0,TRUE,0,FALSE,FALSE,FALSE,41.398.602.378.799.900
GESTONORONE CAPROATE,CCCCCC(=O)O[C@]1(C(C)=O)CC[C@H]2[C@@H]3CCC4=CC(=O)CC[C@@H]4[C@H]3CC[C@@]21C,CHEMBL2107389,not found,Small molecule,Progestin,0,FALSE,0,TRUE,1,FALSE,FALSE,FALSE,41.427.700.969.599.900
ACEMETACIN,COc1ccc2c(c1)c(CC(=O)OCC(=O)O)c(C)n2C(=O)c1ccc(Cl)cc1,CHEMBL189171,not found,Small molecule,,0,FALSE,0,TRUE,0,FALSE,FALSE,FALSE,415.082.264.976
CELIPROLOL HYDROCHLORIDE,CCN(CC)C(=O)Nc1ccc(OCC(O)CNC(C)(C)C)c(C(C)=O)c1.Cl,CHEMBL1742424,not found,Small molecule,Anti-Adrenergic (beta-receptor),0,FALSE,0,TRUE,0,FALSE,FALSE,FALSE,41.522.378.424.799.900
TROVAFLOXACIN,N[C@@H]1[C@H]2CN(c3nc4c(cc3F)c(=O)c(C(=O)O)cn4-c3ccc(F)cc3F)C[C@@H]12,CHEMBL428,1997.0,Small molecule,Antibacterial/Antifungic,0,TRUE,0,TRUE,0,TRUE,FALSE,FALSE,41.610.962.500.000.000
CYPROTERONE ACETATE,CC(=O)O[C@]1(C(C)=O)CC[C@H]2[C@@H]3C=C(Cl)C4=CC(=O)[C@@H]5C[C@@H]5[C@]4(C)[C@H]3CC[C@@]21C,CHEMBL139835,not found,Small molecule,Anti-Androgen,0,FALSE,0,TRUE,1,FALSE,FALSE,FALSE,416.175.437.088
DISTIGMINE,CN(CCCCCCN(C)C(=O)Oc1ccc[n+](C)c1)C(=O)Oc1ccc[n+](C)c1,CHEMBL1199307,not found,Small molecule,,0,FALSE,0,TRUE,0,FALSE,FALSE,FALSE,41.624.125.834.418
TACALCITOL,C=C1/C(=C\C=C2/CCC[C@]3(C)[C@@H]([C@H](C)CC[C@@H](O)C(C)C)CC[C@@H]23)C[C@@H](O)C[C@@H]1O,CHEMBL2105611,not found,Small molecule,,0,FALSE,0,TRUE,1,FALSE,FALSE,FALSE,41.632.904.526.799.900
CILAZAPRIL,CCOC(=O)[C@H](CCc1ccccc1)N[C@H]1CCCN2CCC[C@@H](C(=O)O)N2C1=O,CHEMBL515606,not found,Small molecule,Antihypertensive,0,FALSE,0,TRUE,0,FALSE,FALSE,FALSE,41.722.637.109.199.900
CALCIUM DOBESILATE,O=S(=O)([O-])c1cc(O)ccc1O.O=S(=O)([O-])c1cc(O)ccc1O.[Ca+2],CHEMBL2106191,not found,Small molecule,,0,FALSE,0,TRUE,0,FALSE,FALSE,FALSE,4.179.341.295
LOFEPRAMINE,CN(CCCN1c2ccccc2CCc2ccccc21)CC(=O)c1ccc(Cl)cc1,CHEMBL87708,not found,Small molecule,Antidepressant,0,FALSE,0,TRUE,0,FALSE,FALSE,FALSE,418.181.191.164
BROMPERIDOL,O=C(CCCN1CCC(O)(c2ccc(Br)cc2)CC1)c1ccc(F)cc1,CHEMBL28218,not found,Small molecule,Antipsychotic,0,FALSE,0,TRUE,0,FALSE,FALSE,FALSE,419.089.619.296
BENZBROMARONE,CCc1oc2ccccc2c1C(=O)c1cc(Br)c(O)c(Br)c1,CHEMBL388590,not found,Small molecule,Uricosuric,0,TRUE,0,TRUE,0,FALSE,FALSE,FALSE,4.219.153.184.439.990
CEFUROXIME,CO/N=C(\C(=O)N[C@@H]1C(=O)N2C(C(=O)O)=C(COC(N)=O)CS[C@H]12)c1ccco1,CHEMBL1436,1983.0,Small molecule,Antibacterial,0,FALSE,0,TRUE,1,TRUE,TRUE,FALSE,424.068.884.472
SOTAGLIFLOZIN,CCOc1ccc(Cc2cc([C@@H]3O[C@H](SC)[C@@H](O)[C@H](O)[C@H]3O)ccc2Cl)cc1,CHEMBL3039507,not found,Small molecule,,0,FALSE,0,TRUE,1,FALSE,FALSE,FALSE,42.411.112.257.999.900
REPROTEROL HYDROCHLORIDE,Cl.Cn1c(=O)c2c(ncn2CCCNCC(O)c2cc(O)cc(O)c2)n(C)c1=O,CHEMBL2104771,not found,Small molecule,Bronchodilator,0,FALSE,0,TRUE,1,FALSE,FALSE,FALSE,42.514.659.654.799.900
FILGOTINIB,O=C(Nc1nc2cccc(-c3ccc(CN4CCS(=O)(=O)CC4)cc3)n2n1)C1CC1,CHEMBL3301607,not found,Small molecule,,0,FALSE,0,TRUE,0,FALSE,FALSE,FALSE,425.152.160.596
DOMPERIDONE,O=c1[nH]c2ccccc2n1CCCN1CCC(n2c(=O)[nH]c3cc(Cl)ccc32)CC1,CHEMBL219916,not found,Small molecule,Anti-Emetic,0,FALSE,0,TRUE,0,FALSE,FALSE,FALSE,425.161.852.688
OXATOMIDE,O=c1[nH]c2ccccc2n1CCCN1CCN(C(c2ccccc2)c2ccccc2)CC1,CHEMBL13828,not found,Small molecule,Anti-Allergic; Anti-Asthmatic,0,FALSE,0,TRUE,0,FALSE,FALSE,FALSE,42.624.196.158
DOPEXAMINE HYDROCHLORIDE,Cl.Cl.Oc1ccc(CCNCCCCCCNCCc2ccccc2)cc1O,CHEMBL3989581,not found,Small molecule,,0,FALSE,0,TRUE,0,FALSE,FALSE,FALSE,428.199.733.688
MEBEVERINE,CCN(CCCCOC(=O)c1ccc(OC)c(OC)c1)C(C)Cc1ccc(OC)cc1,CHEMBL282121,not found,Small molecule,Relaxant (smooth muscle),0,FALSE,0,TRUE,0,FALSE,FALSE,FALSE,42.925.152.321.999.900
MIZOLASTINE,CN(c1nccc(=O)[nH]1)C1CCN(c2nc3ccccc3n2Cc2ccc(F)cc2)CC1,CHEMBL94454,not found,Small molecule,,0,FALSE,0,TRUE,0,FALSE,FALSE,FALSE,43.220.738.764.000.000
PIPENZOLATE BROMIDE,CC[N+]1(C)CCCC(OC(=O)C(O)(c2ccccc2)c2ccccc2)C1.[Br-],CHEMBL1401367,not found,Small molecule,,0,FALSE,0,TRUE,0,FALSE,FALSE,FALSE,433.125.255.856
ULIPRISTAL,CC(=O)[C@@]1(O)CC[C@H]2[C@@H]3CCC4=CC(=O)CCC4=C3[C@@H](c3ccc(N(C)C)cc3)C[C@@]21C,CHEMBL2103846,2010.0,Small molecule,Contraceptive,0,FALSE,0,TRUE,1,TRUE,FALSE,FALSE,43.326.169.398
XANTHINOL NIACINATE,CN(CCO)CC(O)Cn1cnc2c1c(=O)n(C)c(=O)n2C.O=C(O)c1cccnc1,CHEMBL1560089,not found,Small molecule,,0,FALSE,0,TRUE,1,FALSE,FALSE,FALSE,434.191.382.552
LAROPIPRANT,CS(=O)(=O)c1cc(F)cc2c3c(n(Cc4ccc(Cl)cc4)c12)[C@@H](CC(=O)O)CC3,CHEMBL426559,not found,Small molecule,,0,TRUE,0,TRUE,0,FALSE,FALSE,FALSE,43.507.073.498.799.900
SCOPOLAMINE HYDROBROMIDE,Br.CN1[C@@H]2C[C@@H](OC(=O)[C@H](CO)c3ccccc3)C[C@H]1[C@@H]1O[C@@H]12.O.O.O,CHEMBL2251240,1979.0,Small molecule,Anticholinergic,0,FALSE,0,TRUE,0,TRUE,TRUE,FALSE,43.710.491.433.599.900
ISAVUCONAZOLE,C[C@@H](c1nc(-c2ccc(C#N)cc2)cs1)[C@](O)(Cn1cncn1)c1cc(F)ccc1F,CHEMBL409153,2015.0,Small molecule,Antifungal,0,FALSE,0,TRUE,0,TRUE,TRUE,FALSE,4.371.121.876.040.000
FLUPHENAZINE,OCCN1CCN(CCCN2c3ccccc3Sc3ccc(C(F)(F)F)cc32)CC1,CHEMBL726,1959.0,Small molecule,Antipsychotic,0,FALSE,0,TRUE,0,TRUE,TRUE,FALSE,43.717.486.811.199.900
AMDINOCILLIN PIVOXIL,CC(C)(C)C(=O)OCOC(=O)[C@@H]1N2C(=O)[C@@H](/N=C/N3CCCCCC3)[C@H]2SC1(C)C,CHEMBL1650818,1984.0,Small molecule,Antibacterial,0,FALSE,0,TRUE,1,FALSE,TRUE,FALSE,439.214.092.156
SERTINDOLE,O=C1NCCN1CCN1CCC(c2cn(-c3ccc(F)cc3)c3ccc(Cl)cc23)CC1,CHEMBL12713,not found,Small molecule,Antipsychotic; Neuroleptic,0,TRUE,0,TRUE,0,FALSE,FALSE,FALSE,440.177.917.352
MIDAZOLAM MALEATE,Cc1ncc2n1-c1ccc(Cl)cc1C(c1ccccc1F)=NC2.O=C(O)/C=C\C(=O)O,CHEMBL2106922,1985.0,Small molecule,Anesthetic,0,FALSE,0,TRUE,0,FALSE,TRUE,FALSE,44.108.916.192.399.900
ERGONOVINE MALEATE,C[C@@H](CO)NC(=O)[C@@H]1C=C2c3cccc4[nH]cc(c34)C[C@H]2N(C)C1.O=C(O)/C=C\C(=O)O,CHEMBL1213135,not found,Small molecule,Oxytocic,0,FALSE,0,TRUE,1,FALSE,FALSE,FALSE,44.118.998.558.399.900
BEPHENIUM HYDROXYNAPHTHOATE,C[N+](C)(CCOc1ccccc1)Cc1ccccc1.O=C([O-])c1cc2ccccc2cc1O,CHEMBL1673148,not found,Small molecule,,0,FALSE,0,TRUE,0,FALSE,FALSE,FALSE,44.320.965.840.799.900
LEVOMEPROMAZINE MALEATE,COc1ccc2c(c1)N(C[C@H](C)CN(C)C)c1ccccc1S2.O=C(O)/C=C\C(=O)O,CHEMBL1725730,not found,Small molecule,,0,FALSE,0,TRUE,0,FALSE,FALSE,FALSE,4.441.718.929.959.990
THIOPROPAZATE,CC(=O)OCCN1CCN(CCCN2c3ccccc3Sc3ccc(Cl)cc32)CC1,CHEMBL1697851,1957.0,Small molecule,Antipsychotic,0,FALSE,0,TRUE,0,TRUE,FALSE,FALSE,445.159.075.816
DEBRISOQUIN SULFATE,N=C(N)N1CCc2ccccc2C1.N=C(N)N1CCc2ccccc2C1.O=S(=O)(O)O,CHEMBL1593558,not found,Small molecule,Antihypertensive,0,FALSE,0,TRUE,0,FALSE,FALSE,FALSE,4.481.892.743.759.990
ONAPRISTONE,CN(C)c1ccc([C@H]2C[C@]3(C)[C@@H](CC[C@]3(O)CCCO)[C@@H]3CCC4=CC(=O)CCC4=C32)cc1,CHEMBL1908373,not found,Small molecule,,0,FALSE,0,TRUE,1,FALSE,FALSE,FALSE,449.292.994.108
POLDINE METHYLSULFATE,COS(=O)(=O)[O-].C[N+]1(C)CCCC1COC(=O)C(O)(c1ccccc1)c1ccccc1,CHEMBL2106739,not found,Small molecule,Anticholinergic,0,FALSE,0,TRUE,0,FALSE,FALSE,FALSE,451.166.473.268
FLOXACILLIN,Cc1onc(-c2c(F)cccc2Cl)c1C(=O)N[C@@H]1C(=O)N2[C@@H]1SC(C)(C)[C@@H]2C(=O)O,CHEMBL222645,not found,Small molecule,Antibacterial,0,FALSE,0,TRUE,1,FALSE,FALSE,FALSE,45.305.614.754.399.900
FENTICONAZOLE,Clc1ccc(C(Cn2ccnc2)OCc2ccc(Sc3ccccc3)cc2)c(Cl)c1,CHEMBL1651990,not found,Small molecule,Antifungal,0,FALSE,0,TRUE,0,FALSE,FALSE,FALSE,45.406.733.962
CARBENICILLIN PHENYL,CC1(C)S[C@@H]2[C@H](NC(=O)C(C(=O)Oc3ccccc3)c3ccccc3)C(=O)N2[C@H]1C(=O)O,CHEMBL1095283,not found,Small molecule,Antibacterial,0,FALSE,0,TRUE,1,FALSE,TRUE,FALSE,4.541.198.574.239.990
LOFEPRAMINE HYDROCHLORIDE,CN(CCCN1c2ccccc2CCc2ccccc21)CC(=O)c1ccc(Cl)cc1.Cl,CHEMBL2106638,not found,Small molecule,Antidepressant,0,FALSE,0,TRUE,0,FALSE,FALSE,FALSE,45.415.786.887.599.900
LACIDIPINE,CCOC(=O)C1=C(C)NC(C)=C(C(=O)OCC)C1c1ccccc1/C=C/C(=O)OC(C)(C)C,CHEMBL460291,not found,Small molecule,Antihypertensive,0,FALSE,0,TRUE,0,FALSE,FALSE,FALSE,45.523.078.777.599.900
GLUCOSAMINE SULFATE,N[C@H]1C(O)O[C@H](CO)[C@@H](O)[C@@H]1O.N[C@H]1C(O)O[C@H](CO)[C@@H](O)[C@@H]1O.O=S(=O)(O)O,CHEMBL3989750,not found,Small molecule,Osteoarthritis,0,FALSE,0,TRUE,1,FALSE,FALSE,FALSE,4.561.261.245.759.990
DEQUALINIUM,Cc1cc(N)c2ccccc2[n+]1CCCCCCCCCC[n+]1c(C)cc(N)c2ccccc21,CHEMBL333826,not found,Small molecule,,0,FALSE,0,TRUE,0,FALSE,FALSE,FALSE,45.632.420.012.018
RALTITREXED,Cc1nc(=O)c2cc(CN(C)c3ccc(C(=O)N[C@@H](CCC(=O)O)C(=O)O)s3)ccc2[nH]1,CHEMBL225071,not found,Small molecule,Advanced Colorectal Cancer Treatment (thymidylate synthase inhibitor),0,FALSE,0,TRUE,0,FALSE,FALSE,FALSE,4.581.260.054.239.990
CEFAMANDOLE,Cn1nnnc1SCC1=C(C(=O)O)N2C(=O)[C@@H](NC(=O)[C@H](O)c3ccccc3)[C@H]2SC1,CHEMBL1146,1978.0,Small molecule,Antibacterial,0,FALSE,0,TRUE,1,FALSE,TRUE,FALSE,4.620.780.096.759.990
PIVAMPICILLIN,CC(C)(C)C(=O)OCOC(=O)[C@@H]1N2C(=O)[C@@H](NC(=O)[C@H](N)c3ccccc3)[C@H]2SC1(C)C,CHEMBL3182343,not found,Small molecule,Antibacterial,0,FALSE,0,TRUE,1,FALSE,FALSE,FALSE,463.177.706.648
BILASTINE,CCOCCn1c(C2CCN(CCc3ccc(C(C)(C)C(=O)O)cc3)CC2)nc2ccccc21,CHEMBL1742423,not found,Small molecule,,0,FALSE,0,TRUE,0,FALSE,FALSE,FALSE,46.328.349.204.399.900
MEBEVERINE HYDROCHLORIDE,CCN(CCCCOC(=O)c1ccc(OC)c(OC)c1)C(C)Cc1ccc(OC)cc1.Cl,CHEMBL1446650,not found,Small molecule,Relaxant (smooth muscle),0,FALSE,0,TRUE,0,FALSE,FALSE,FALSE,46.522.820.093.199.900
METHYLPREDNISOLONE ACEPONATE,CCC(=O)O[C@]1(C(=O)COC(C)=O)CC[C@H]2[C@@H]3C[C@H](C)C4=CC(=O)C=C[C@]4(C)[C@H]3[C@@H](O)C[C@@]21C,CHEMBL1697782,1957.0,Small molecule,Antiinflammatory,0,FALSE,0,TRUE,1,FALSE,FALSE,FALSE,472.246.103.492
ALVERINE CITRATE,CCN(CCCc1ccccc1)CCCc1ccccc1.O=C(O)CC(O)(CC(=O)O)C(=O)O,CHEMBL1408594,1947.0,Small molecule,Anticholinergic,0,FALSE,0,TRUE,0,TRUE,FALSE,FALSE,47.324.135.245.999.900
FLUSPIRILENE,O=C1NCN(c2ccccc2)C12CCN(CCCC(c1ccc(F)cc1)c1ccc(F)cc1)CC2,CHEMBL46516,not found,Small molecule,Antipsychotic,0,FALSE,0,TRUE,0,FALSE,FALSE,FALSE,475.243.519.052
CARBENICILLIN PHENYL SODIUM,CC1(C)S[C@@H]2[C@H](NC(=O)C(C(=O)Oc3ccccc3)c3ccccc3)C(=O)N2[C@H]1C(=O)[O-].[Na+],CHEMBL2105996,not found,Small molecule,Antibacterial,0,FALSE,0,TRUE,1,FALSE,FALSE,FALSE,47.610.180.167.199.900
FLUNARIZINE HYDROCHLORIDE,Cl.Cl.Fc1ccc(C(c2ccc(F)cc2)N2CCN(C/C=C/c3ccccc3)CC2)cc1,CHEMBL552659,not found,Small molecule,Vasodilator,0,FALSE,0,TRUE,0,FALSE,FALSE,FALSE,476.159.760.696
ALMITRINE,C=CCNc1nc(NCC=C)nc(N2CCN(C(c3ccc(F)cc3)c3ccc(F)cc3)CC2)n1,CHEMBL1183717,not found,Small molecule,,0,TRUE,0,TRUE,0,FALSE,FALSE,FALSE,47.724.525.036.800.000
CLOBETASONE BUTYRATE,CCCC(=O)O[C@]1(C(=O)CCl)[C@H](C)C[C@@H]2[C@@H]3CCC4=CC(=O)C=C[C@]4(C)[C@]3(F)C(=O)C[C@@]21C,CHEMBL2308885,not found,Small molecule,Anti-Inflammatory,0,FALSE,0,TRUE,1,FALSE,FALSE,FALSE,47.819.223.002.399.900
HYDROCORTISONE HEMISUCCINATE,C[C@]12CCC(=O)C=C1CC[C@@H]1[C@@H]2[C@@H](O)C[C@@]2(C)[C@H]1CC[C@]2(O)C(=O)COC(=O)CCC(=O)O.O,CHEMBL3989663,not found,Small molecule,,0,FALSE,0,TRUE,1,FALSE,FALSE,FALSE,4.802.359.327.319.990
TALAMPICILLIN,CC1(C)S[C@@H]2[C@H](NC(=O)[C@H](N)c3ccccc3)C(=O)N2[C@H]1C(=O)OC1OC(=O)c2ccccc21,CHEMBL1619785,not found,Small molecule,Antibacterial,0,FALSE,0,TRUE,1,FALSE,FALSE,FALSE,4.811.307.564.559.990
NICERGOLINE,CO[C@]12C[C@@H](COC(=O)c3cncc(Br)c3)CN(C)[C@@H]1Cc1cn(C)c3cccc2c13,CHEMBL1372950,not found,Small molecule,Vasodilator,0,FALSE,0,TRUE,1,FALSE,FALSE,FALSE,483.115.753.792
FLUCLORONIDE,CC1(C)O[C@@H]2C[C@H]3[C@@H]4C[C@H](F)C5=CC(=O)C=C[C@]5(C)[C@@]4(Cl)[C@@H](Cl)C[C@]3(C)[C@]2(C(=O)CO)O1,CHEMBL461332,not found,Small molecule,Glucocorticoid,0,FALSE,0,TRUE,1,FALSE,FALSE,FALSE,48.613.760.760.799.900
LIDOFLAZINE,Cc1cccc(C)c1NC(=O)CN1CCN(CCCC(c2ccc(F)cc2)c2ccc(F)cc2)CC1,CHEMBL92870,not found,Small molecule,Vasodilator (coronary),0,FALSE,0,TRUE,0,FALSE,FALSE,FALSE,49.127.481.918
ISOMETHEPTENE MUCATE,CNC(C)CCC=C(C)C.CNC(C)CCC=C(C)C.O=C(O)[C@@H](O)[C@H](O)[C@H](O)[C@@H](O)C(=O)O,CHEMBL2355839,not found,Small molecule,,0,FALSE,0,TRUE,0,FALSE,FALSE,FALSE,49.234.106.649.599.900
PROMETHAZINE TEOCLATE,CC(CN1c2ccccc2Sc2ccccc21)N(C)C.Cn1c(=O)c2[nH]c(Cl)nc2n(C)c1=O,CHEMBL3833361,1951.0,Small molecule,Antihistamine,0,FALSE,0,TRUE,1,TRUE,TRUE,FALSE,49.816.047.278.400.000
NICOTINE BITARTRATE,CN1CCC[C@H]1c1cccnc1.O.O.O=C(O)C(O)C(O)C(=O)O.O=C(O)C(O)C(O)C(=O)O,CHEMBL3989563,not found,Small molecule,,0,FALSE,0,TRUE,0,FALSE,FALSE,FALSE,49.816.970.363.999.900
MASITINIB,Cc1ccc(NC(=O)c2ccc(CN3CCN(C)CC3)cc2)cc1Nc1nc(-c2cccnc2)cs1,CHEMBL1908391,not found,Small molecule,,0,FALSE,0,TRUE,0,FALSE,FALSE,FALSE,4.982.201.805.800.000
TRITOQUALINE,CCOc1c(N)c2c(c(OCC)c1OCC)C(C1c3c(cc4c(c3OC)OCO4)CCN1C)OC2=O,CHEMBL2104445,not found,Small molecule,,0,FALSE,0,TRUE,0,FALSE,FALSE,FALSE,5.002.158.659.839.990
LINZAGOLIX,COc1cc(F)c(-n2c(=O)[nH]c3csc(C(=O)O)c3c2=O)cc1OCc1c(OC)ccc(F)c1F,CHEMBL3668014,not found,Small molecule,,0,FALSE,0,TRUE,1,FALSE,FALSE,FALSE,5.080.552.064.799.990
CYCLOBARBITAL CALCIUM,CCC1(C2=CCCCC2)C(=O)[N-]C(=O)NC1=O.CCC1(C2=CCCCC2)C(=O)[N-]C(=O)NC1=O.[Ca+2],CHEMBL2106556,not found,Small molecule,,0,TRUE,0,TRUE,0,FALSE,FALSE,FALSE,51.017.912.565.999.900
PINAVERIUM,COc1cc(Br)c(C[N+]2(CCOCCC3CCC4CC3C4(C)C)CCOCC2)cc1OC,CHEMBL1909324,not found,Small molecule,,0,FALSE,0,TRUE,0,FALSE,FALSE,FALSE,51.022.134.731.208.900
STRONTIUM RANELATE,N#Cc1c(N(CC(=O)[O-])CC(=O)[O-])sc(C(=O)[O-])c1CC(=O)[O-].[Sr+2].[Sr+2],CHEMBL3707306,not found,Small molecule,,0,FALSE,0,TRUE,0,FALSE,FALSE,FALSE,5.137.957.103.519.990
CEFPIROME,CO/N=C(\C(=O)N[C@@H]1C(=O)N2C(C(=O)[O-])=C(C[n+]3cccc4c3CCC4)CS[C@H]12)c1csc(N)n1,CHEMBL65794,not found,Small molecule,Antibacterial,0,FALSE,0,TRUE,1,FALSE,FALSE,FALSE,5.141.093.098.040.000
BAMETHAN SULFATE,CCCCNCC(O)c1ccc(O)cc1.CCCCNCC(O)c1ccc(O)cc1.O=S(=O)(O)O,CHEMBL2106636,not found,Small molecule,Vasodilator,0,FALSE,0,TRUE,0,FALSE,FALSE,FALSE,5.162.505.372.399.990
FUSIDIC ACID,CC(=O)O[C@H]1C[C@@]2(C)[C@@H](C[C@@H](O)[C@H]3[C@@]4(C)CC[C@@H](O)[C@@H](C)[C@@H]4CC[C@@]32C)/C1=C(\CCC=C(C)C)C(=O)O,CHEMBL374975,not found,Small molecule,Antibacterial,0,FALSE,0,TRUE,1,FALSE,FALSE,FALSE,5.163.450.892.559.990
FENTICONAZOLE NITRATE,Clc1ccc(C(Cn2ccnc2)OCc2ccc(Sc3ccccc3)cc2)c(Cl)c1.O=[N+]([O-])O,CHEMBL2107703,not found,Small molecule,Antifungal,0,FALSE,0,TRUE,0,FALSE,FALSE,FALSE,517.062.982.512
TALAMPICILLIN HYDROCHLORIDE,CC1(C)S[C@@H]2[C@H](NC(=O)[C@H](N)c3ccccc3)C(=O)N2[C@H]1C(=O)OC1OC(=O)c2ccccc21.Cl,CHEMBL1411731,not found,Small molecule,Antibacterial,0,FALSE,0,TRUE,1,FALSE,FALSE,FALSE,5.171.074.341.679.990
THIOPROPAZATE HYDROCHLORIDE,CC(=O)OCCN1CCN(CCCN2c3ccccc3Sc3ccc(Cl)cc32)CC1.Cl.Cl,CHEMBL3989786,not found,Small molecule,,0,FALSE,0,TRUE,0,FALSE,FALSE,FALSE,51.711.243.124
QUININE BISULFATE,C=C[C@H]1CN2CC[C@H]1C[C@H]2[C@H](O)c1ccnc2ccc(OC)cc12.O=S(=O)(O)O.O=S(=O)(O)O,CHEMBL2146083,not found,Small molecule,,0,FALSE,0,TRUE,1,FALSE,FALSE,FALSE,5.201.185.370.959.990
DEQUALINIUM CHLORIDE,Cc1cc(N)c2ccccc2[n+]1CCCCCCCCCC[n+]1c(C)cc(N)c2ccccc21.[Cl-].[Cl-],CHEMBL121663,not found,Small molecule,,0,FALSE,0,TRUE,0,FALSE,FALSE,FALSE,5.262.630.026.400.000
GLIQUIDONE,COc1ccc2c(c1)C(=O)N(CCc1ccc(S(=O)(=O)NC(=O)NC3CCCCC3)cc1)C(=O)C2(C)C,CHEMBL383634,not found,Small molecule,,0,FALSE,0,TRUE,0,FALSE,FALSE,FALSE,5.272.090.067.759.990
CORTIVAZOL,CC(=O)OCC(=O)[C@@]1(O)[C@H](C)C[C@H]2[C@@H]3C=C(C)C4=Cc5c(cnn5-c5ccccc5)C[C@]4(C)[C@H]3[C@@H](O)C[C@@]21C,CHEMBL2105842,not found,Small molecule,Glucocorticoid,0,FALSE,0,TRUE,1,FALSE,FALSE,FALSE,530.278.072.316
PROSCILLARIDIN,C[C@@H]1O[C@@H](O[C@@H]2C=C3CC[C@@H]4[C@H](CC[C@]5(C)[C@@H](c6ccc(=O)oc6)CC[C@]45O)[C@@]3(C)CC2)[C@H](O)[C@H](O)[C@H]1O,CHEMBL600325,not found,Small molecule,Cardiotonic,0,FALSE,0,TRUE,1,FALSE,FALSE,FALSE,5.302.879.683.039.990
CEFSULODIN,NC(=O)c1cc[n+](CC2=C(C(=O)[O-])N3C(=O)[C@@H](NC(=O)[C@@H](c4ccccc4)S(=O)(=O)O)[C@H]3SC2)cc1,CHEMBL3351077,not found,Small molecule,,0,FALSE,0,TRUE,1,FALSE,FALSE,FALSE,5.320.722.555.999.990
DELAMANID,C[C@]1(COc2ccc(N3CCC(Oc4ccc(OC(F)(F)F)cc4)CC3)cc2)Cn2cc([N+](=O)[O-])nc2O1,CHEMBL218650,not found,Small molecule,,0,FALSE,0,TRUE,0,FALSE,FALSE,FALSE,53.417.261.918
FUSIDATE SODIUM,CC(=O)O[C@H]1C[C@@]2(C)[C@@H](C[C@@H](O)[C@H]3[C@@]4(C)CC[C@@H](O)[C@@H](C)[C@@H]4CC[C@@]32C)/C1=C(\CCC=C(C)C)C(=O)[O-].[Na+],CHEMBL1256987,not found,Small molecule,,0,FALSE,0,TRUE,1,FALSE,FALSE,FALSE,5.383.270.335.039.990
DEXTROMORAMIDE TARTRATE,C[C@@H](CC(C(=O)N1CCCC1)(c1ccccc1)c1ccccc1)N1CCOCC1.O=C(O)C(O)C(O)C(=O)O,CHEMBL3833311,not found,Small molecule,,0,FALSE,0,TRUE,0,FALSE,FALSE,FALSE,5.422.628.161.759.990
DOXORUBICIN,COc1cccc2c1C(=O)c1c(O)c3c(c(O)c1C2=O)C[C@@](O)(C(=O)CO)C[C@@H]3O[C@H]1C[C@H](N)[C@H](O)[C@H](C)O1,CHEMBL53463,1991.0,Small molecule,Antineoplastic,0,FALSE,0,TRUE,1,FALSE,TRUE,FALSE,5.431.740.607.479.990
BENETHAMINE PENICILLIN,CC1(C)S[C@@H]2[C@H](NC(=O)Cc3ccccc3)C(=O)N2[C@H]1C(=O)O.c1ccc(CCNCc2ccccc2)cc1,CHEMBL2107679,not found,Small molecule,,0,FALSE,0,TRUE,1,FALSE,FALSE,FALSE,5.452.348.276
TELOTRISTAT,Cc1ccn(-c2cc(Cl)ccc2[C@@H](Oc2cc(-c3ccc(C[C@H](N)C(=O)O)cc3)nc(N)n2)C(F)(F)F)n1,CHEMBL2103855,2017.0,Small molecule,Carcinoid Syndrome,0,FALSE,0,TRUE,0,TRUE,FALSE,FALSE,5.461.394.009.040.000
CARBENOXOLONE,CC1(C)[C@@H](OC(=O)CCC(=O)O)CC[C@]2(C)[C@H]3C(=O)C=C4[C@@H]5C[C@@](C)(C(=O)O)CC[C@]5(C)CC[C@@]4(C)[C@]3(C)CC[C@@H]12,CHEMBL499915,2014.0,Small molecule,Huntington's Disease,0,FALSE,0,TRUE,0,FALSE,FALSE,TRUE,57.035.565.394
HALQUINOLS,Oc1c(Cl)cc(Cl)c2cccnc12.Oc1c(Cl)ccc2cccnc12.Oc1ccc(Cl)c2cccnc12,CHEMBL3833358,not found,Small molecule,,0,FALSE,0,TRUE,0,FALSE,FALSE,FALSE,5.710.024.021.239.990
DISTIGMINE BROMIDE,CN(CCCCCCN(C)C(=O)Oc1ccc[n+](C)c1)C(=O)Oc1ccc[n+](C)c1.[Br-].[Br-],CHEMBL1098285,not found,Small molecule,,0,FALSE,0,TRUE,0,FALSE,FALSE,FALSE,5.740.790.297.039.990
CHLORHEXIDINE HYDROCHLORIDE,Cl.Cl.N=C(NCCCCCCNC(=N)NC(=N)Nc1ccc(Cl)cc1)NC(=N)Nc1ccc(Cl)cc1,CHEMBL1484251,not found,Small molecule,"Anti-Infective, Topical",0,FALSE,0,TRUE,0,FALSE,FALSE,FALSE,5.761.565.517.440.000
CEFODIZIME,CO/N=C(\C(=O)N[C@@H]1C(=O)N2C(C(=O)O)=C(CSc3nc(C)c(CC(=O)O)s3)CS[C@H]12)c1csc(N)n1,CHEMBL2303613,not found,Small molecule,,0,FALSE,0,TRUE,1,FALSE,FALSE,FALSE,5.840.276.309.799.990
SULTAMICILLIN,CC1(C)S[C@@H]2[C@H](NC(=O)[C@H](N)c3ccccc3)C(=O)N2[C@H]1C(=O)OCOC(=O)[C@@H]1N2C(=O)C[C@H]2S(=O)(=O)C1(C)C,CHEMBL506110,1986.0,Small molecule,Antibacterial,0,FALSE,0,TRUE,1,FALSE,TRUE,FALSE,5.941.454.205.399.990
NICOFURANOSE,O=C(OC[C@H]1O[C@](O)(COC(=O)c2cccnc2)[C@@H](OC(=O)c2cccnc2)[C@@H]1OC(=O)c1cccnc1)c1cccnc1,CHEMBL1697844,not found,Small molecule,,0,FALSE,0,TRUE,1,FALSE,FALSE,FALSE,600.149.242.968
LYMECYCLINE,CN(C)[C@@H]1C(O)=C(C(=O)NCNCCCC[C@H](N)C(=O)O)C(=O)[C@@]2(O)C(O)=C3C(=O)c4c(O)cccc4[C@@](C)(O)[C@H]3C[C@@H]12,CHEMBL2103929,not found,Small molecule,,0,FALSE,0,TRUE,1,FALSE,FALSE,FALSE,6.022.587.934.159.990
DIOSMIN,COc1ccc(-c2cc(=O)c3c(O)cc(O[C@@H]4O[C@H](CO[C@@H]5O[C@@H](C)[C@H](O)[C@@H](O)[C@H]5O)[C@@H](O)[C@H](O)[C@H]4O)cc3o2)cc1O,CHEMBL231884,not found,Small molecule,Systemic Sclerosis ,0,FALSE,0,TRUE,1,FALSE,FALSE,FALSE,6.081.741.203.239.990
CEFPIROME SULFATE,CO/N=C(\C(=O)N[C@@H]1C(=O)N2C(C(=O)[O-])=C(C[n+]3cccc4c3CCC4)CS[C@H]12)c1csc(N)n1.O=S(=O)(O)O,CHEMBL2106076,not found,Small molecule,Antibacterial,0,FALSE,0,TRUE,1,FALSE,FALSE,FALSE,6.120.766.893.480.000
TRAMETINIB,CC(=O)Nc1cccc(-n2c(=O)n(C3CC3)c(=O)c3c(Nc4ccc(I)cc4F)n(C)c(=O)c(C)c32)c1,CHEMBL2103875,2013.0,Small molecule,Antineoplastic,0,FALSE,0,TRUE,1,TRUE,FALSE,FALSE,6.150.778.804.360.000
ZINC OLEATE,CCCCCCCC/C=C\CCCCCCCC(=O)[O-].CCCCCCCC/C=C\CCCCCCCC(=O)[O-].[Zn+2],CHEMBL3833362,not found,Small molecule,,0,FALSE,0,TRUE,0,FALSE,FALSE,FALSE,6.264.252.527.919.990
LERCANIDIPINE HYDROCHLORIDE,COC(=O)C1=C(C)NC(C)=C(C(=O)OC(C)(C)CN(C)CCC(c2ccccc2)c2ccccc2)C1c1cccc([N+](=O)[O-])c1.Cl,CHEMBL2106419,not found,Small molecule,,0,TRUE,0,TRUE,0,FALSE,FALSE,FALSE,6.472.762.137.440.000
PHYSOSTIGMINE SULFATE,CNC(=O)Oc1ccc2c(c1)[C@]1(C)CCN(C)[C@@H]1N2C.CNC(=O)Oc1ccc2c(c1)[C@]1(C)CCN(C)[C@@H]1N2C.O=S(=O)(O)O,CHEMBL2105891,not found,Small molecule,Cholinergic (ophthalmic),0,FALSE,0,TRUE,0,FALSE,FALSE,FALSE,6.482.941.333.680.000
ALCURONIUM,C=CC[N@@+]12CC[C@@]34c5ccccc5N5/C=C6/[C@H]7C[C@H]8[C@@]9(CC[N@@+]8(CC=C)C/C7=C/CO)c7ccccc7N(/C=C(/[C@@H](C[C@@H]31)/C(=C\CO)C2)[C@H]54)[C@@H]69,CHEMBL3305985,not found,Small molecule,,0,FALSE,0,TRUE,1,FALSE,FALSE,FALSE,6.663.922.796.801.800
ALMITRINE MESYLATE,C=CCNc1nc(NCC=C)nc(N2CCN(C(c3ccc(F)cc3)c3ccc(F)cc3)CC2)n1.CS(=O)(=O)O.CS(=O)(=O)O,CHEMBL3181957,not found,Small molecule,,0,TRUE,0,TRUE,0,FALSE,FALSE,FALSE,6.692.214.803.440.000
TEMOPORFIN,Oc1cccc(-c2c3nc(c(-c4cccc(O)c4)c4ccc([nH]4)c(-c4cccc(O)c4)c4ccc([nH]4)c(-c4cccc(O)c4)c4nc2CC4)C=C3)c1,CHEMBL383675,not found,Small molecule,Antineoplastic,0,TRUE,0,TRUE,1,FALSE,FALSE,FALSE,6.802.423.555.040.000
HYOSCYAMINE SULFATE,CN1[C@@H]2CC[C@H]1C[C@@H](OC(=O)[C@H](CO)c1ccccc1)C2.CN1[C@@H]2CC[C@H]1C[C@@H](OC(=O)[C@H](CO)c1ccccc1)C2.O.O.O=S(=O)(O)O,CHEMBL3989570,not found,Small molecule,,0,TRUE,0,TRUE,0,FALSE,FALSE,FALSE,7.123.240.961.040.000
PIPOTIAZINE PALMITATE,CCCCCCCCCCCCCCCC(=O)OCCC1CCN(CCCN2c3ccccc3Sc3ccc(S(=O)(=O)N(C)C)cc32)CC1,CHEMBL2106439,not found,Small molecule,Antipsychotic,0,TRUE,0,TRUE,0,FALSE,FALSE,FALSE,713.425.999.496
OUABAIN,C[C@@H]1O[C@@H](O[C@H]2C[C@@H](O)[C@]3(CO)[C@H]4[C@H](O)C[C@]5(C)[C@@H](C6=CC(=O)OC6)CC[C@]5(O)[C@@H]4CC[C@]3(O)C2)[C@H](O)[C@H](O)[C@H]1O.O.O.O.O.O.O.O.O,CHEMBL1889436,not found,Small molecule,,0,TRUE,0,TRUE,1,FALSE,FALSE,FALSE,7.283.677.943.200.000
ALCURONIUM CHLORIDE,C=CC[N@@+]12CC[C@@]34c5ccccc5N5/C=C6/[C@H]7C[C@H]8[C@@]9(CC[N@@+]8(CC=C)C/C7=C/CO)c7ccccc7N(/C=C(/[C@@H](C[C@@H]31)/C(=C\CO)C2)[C@H]54)[C@@H]69.[Cl-].[Cl-],CHEMBL3188339,not found,Small molecule,,0,FALSE,0,TRUE,1,FALSE,FALSE,FALSE,7.363.310.822.000.000
VINDESINE,CC[C@]1(O)C[C@@H]2CN(CCc3c([nH]c4ccccc34)[C@@](C(=O)OC)(c3cc4c(cc3OC)N(C)[C@H]3[C@@](O)(C(N)=O)[C@H](O)[C@]5(CC)C=CCN6CC[C@]43[C@@H]65)C2)C1,CHEMBL238071,not found,Small molecule,,0,FALSE,0,TRUE,1,FALSE,FALSE,FALSE,7.534.101.490.999.990
XAMOTEROL FUMARATE,O=C(NCCNCC(O)COc1ccc(O)cc1)N1CCOCC1.O=C(NCCNCC(O)COc1ccc(O)cc1)N1CCOCC1.O=C(O)/C=C/C(=O)O,CHEMBL1329567,not found,Small molecule,,0,FALSE,0,TRUE,0,FALSE,FALSE,FALSE,7.943.698.004.080.000
METILDIGOXIN,CO[C@H]1[C@@H](O)C[C@H](O[C@H]2[C@@H](O)C[C@H](O[C@H]3[C@@H](O)C[C@H](O[C@H]4CC[C@@]5(C)[C@H](CC[C@@H]6[C@@H]5C[C@@H](O)[C@]5(C)[C@@H](C7=CC(=O)OC7)CC[C@]65O)C4)O[C@@H]3C)O[C@@H]2C)O[C@@H]1C,CHEMBL1697843,not found,Small molecule,,0,FALSE,0,TRUE,1,FALSE,FALSE,FALSE,7.944.452.567.920.000
VINFLUNINE,CC[C@]12C=CCN3CC[C@@]4(c5cc([C@@]6(C(=O)OC)C[C@@H]7C[C@@H](C(C)(F)F)CN(Cc8c6[nH]c6ccccc86)C7)c(OC)cc5N(C)[C@H]4[C@@](O)(C(=O)OC)[C@@H]1OC(C)=O)[C@@H]32,CHEMBL2110725,not found,Small molecule,,0,FALSE,0,TRUE,1,FALSE,FALSE,FALSE,8.163.909.711.280.000
ROXITHROMYCIN,CC[C@H]1OC(=O)[C@H](C)[C@@H](O[C@H]2C[C@@](C)(OC)[C@@H](O)[C@H](C)O2)[C@H](C)[C@@H](O[C@@H]2O[C@H](C)C[C@H](N(C)C)[C@H]2O)[C@](C)(O)C[C@@H](C)/C(=N\OCOCCOC)[C@H](C)[C@@H](O)[C@]1(C)O,CHEMBL1214185,not found,Small molecule,Antibacterial,0,FALSE,0,TRUE,1,FALSE,FALSE,FALSE,836.524.569.732
SPIRAMYCIN,CO[C@@H]1[C@@H](O[C@@H]2O[C@H](C)[C@@H](O[C@H]3C[C@@](C)(O)[C@@H](O)[C@H](C)O3)[C@H](N(C)C)[C@H]2O)[C@@H](CC=O)C[C@@H](C)[C@@H](O[C@H]2CC[C@H](N(C)C)[C@@H](C)O2)/C=C/C=C/C[C@@H](C)OC(=O)C[C@H]1O,CHEMBL453514,not found,Small molecule,,0,FALSE,0,TRUE,1,FALSE,FALSE,FALSE,8.425.140.050.480.000
VINDESINE SULFATE,CC[C@]1(O)C[C@@H]2CN(CCc3c([nH]c4ccccc34)[C@@](C(=O)OC)(c3cc4c(cc3OC)N(C)[C@H]3[C@@](O)(C(N)=O)[C@H](O)[C@]5(CC)C=CCN6CC[C@]43[C@@H]65)C2)C1.O=S(=O)(O)O,CHEMBL3989543,not found,Small molecule,Antineoplastic,0,FALSE,0,TRUE,1,FALSE,FALSE,FALSE,851.377.528.644
CYCLOGUANIL PAMOATE,CC1(C)N=C(N)N=C(N)N1c1ccc(Cl)cc1.CC1(C)N=C(N)N=C(N)N1c1ccc(Cl)cc1.O=C(O)c1cc2ccccc2c(Cc2c(O)c(C(=O)O)cc3ccccc23)c1O,CHEMBL3989825,not found,Small molecule,,0,FALSE,0,TRUE,0,TRUE,FALSE,FALSE,8.902.822.344.880.000
LENACAPAVIR,CC(C)(C#Cc1ccc(-c2ccc(Cl)c3c(NS(C)(=O)=O)nn(CC(F)(F)F)c23)c([C@H](Cc2cc(F)cc(F)c2)NC(=O)Cn2nc(C(F)(F)F)c3c2C(F)(F)[C@@H]2C[C@H]32)n1)S(C)(=O)=O,CHEMBL4594438,2022.0,Small molecule,Antiretroviral,0,FALSE,0,TRUE,0,TRUE,FALSE,FALSE,9.671.435.190.039.990
LANATOSIDE C,CC(=O)O[C@H]1C[C@H](O[C@H]2[C@@H](O)C[C@H](O[C@H]3[C@@H](O)C[C@H](O[C@H]4CC[C@@]5(C)[C@H](CC[C@@H]6[C@@H]5C[C@@H](O)[C@]5(C)[C@@H](C7=CC(=O)OC7)CC[C@]65O)C4)O[C@@H]3C)O[C@@H]2C)O[C@H](C)[C@H]1O[C@@H]1O[C@H](CO)[C@@H](O)[C@H](O)[C@H]1O,CHEMBL506569,not found,Small molecule,,0,FALSE,0,TRUE,1,FALSE,FALSE,FALSE,9.844.929.948.320.000
MIFAMURTIDE,CCCCCCCCCCCCCCCC(=O)OC[C@H](COP(=O)(O)OCCNC(=O)[C@H](C)NC(=O)CC[C@@H](NC(=O)[C@H](C)NC(=O)[C@@H](C)O[C@H]1[C@H](O)[C@@H](CO)OC(O)[C@@H]1NC(C)=O)C(N)=O)OC(=O)CCCCCCCCCCCCCCC,CHEMBL2111100,not found,Small molecule,,0,FALSE,0,TRUE,1,FALSE,FALSE,FALSE,12.367.485.118.980.000