active_ingredient_moiety,nda_bla,approval_year,active,DrugBank ID,Drug Groups,SMILES
tiotropium bromide,NDA,2004,tiotropium,DB01409,approved,[H][C@]12O[C@@]1([H])[C@]1([H])C[C@@]([H])(C[C@@]2([H])[N+]1(C)C)OC(=O)C(O)(C1=CC=CS1)C1=CC=CS1
pemetrexed disodium,NDA,2004,pemetrexed,DB00642,approved; investigational,NC1=NC(=O)C2=C(NC=C2CCC2=CC=C(C=C2)C(=O)N[C@@H](CCC(O)=O)C(O)=O)N1
cinacalcet hydrochloride,NDA,2004,cinacalcet,DB01012,approved,C[C@@H](NCCCC1=CC(=CC=C1)C(F)(F)F)C1=CC=CC2=CC=CC=C12
telithromycin,NDA,2004,telithromycin,DB00976,approved,[H][C@@]12[C@@H](C)C(=O)[C@H](C)C[C@@](C)(OC)[C@H](O[C@@H]3O[C@H](C)C[C@@H]([C@H]3O)N(C)C)[C@@H](C)C(=O)[C@@H](C)C(=O)O[C@H](CC)[C@@]1(C)OC(=O)N2CCCCN1C=NC(=C1)C1=CC=CN=C1
apomorphine hydrochloride,NDA,2004,apomorphine,DB00714,approved; investigational,[H][C@]12CC3=C(C(O)=C(O)C=C3)C3=CC=CC(CCN1C)=C23
tinidazole,NDA,2004,tinidazole,DB00911,approved; investigational,CCS(=O)(=O)CCN1C(C)=NC=C1[N+]([O-])=O
azacitidine,NDA,2004,azacitidine,DB00928,approved; investigational,NC1=NC(=O)N(C=N1)[C@@H]1O[C@H](CO)[C@@H](O)[C@H]1O
rifaximin,NDA,2004,rifaximin,DB01220,approved; investigational,CO[C@H]1\C=C\O[C@@]2(C)OC3=C(C)C(O)=C4C(O)=C(NC(=O)\C(C)=C/C=C/[C@H](C)[C@H](O)[C@@H](C)[C@@H](O)[C@@H](C)[C@H](OC(C)=O)[C@@H]1C)C1=C(N=C5C=C(C)C=CN15)C4=C3C2=O
trospium chloride,NDA,2004,trospium,DB00209,approved,[H][C@]12CC[C@]([H])(C[C@@H](C1)OC(=O)C(O)(C1=CC=CC=C1)C1=CC=CC=C1)[N+]21CCCC1
l-glutamine,NDA,2004,l-glutamine,DB00130,approved; investigational; nutraceutical,N[C@@H](CCC(N)=O)C(O)=O
duloxetine hydrochloride,NDA,2004,duloxetine,DB00476,approved,CNCC[C@H](OC1=CC=CC2=CC=CC=C12)C1=CC=CS1
erlotinib hydrochloride,NDA,2004,erlotinib,DB00530,approved; investigational,COCCOC1=CC2=C(C=C1OCCOC)C(NC1=CC(=CC=C1)C#C)=NC=N2
solifenacin succinate,NDA,2004,solifenacin,DB01591,approved,O=C(O[C@H]1CN2CCC1CC2)N1CCC2=CC=CC=C2[C@@H]1C1=CC=CC=C1
eszopiclone,NDA,2004,eszopiclone,DB00402,approved; investigational,CN1CCN(CC1)C(=O)O[C@@H]1N(C(=O)C2=NC=CN=C12)C1=NC=C(Cl)C=C1
darifenacin hydrobromide,NDA,2004,darifenacin,DB00496,approved; investigational,NC(=O)C([C@@H]1CCN(CCC2=CC3=C(OCC3)C=C2)C1)(C1=CC=CC=C1)C1=CC=CC=C1
ziconotide,NDA,2004,ziconotide,DB06283,approved,[H][C@]12CSSC[C@]3([H])NC(=O)[C@H](CCCCN)NC(=O)[C@H](C)NC(=O)CNC(=O)[C@H](CCCCN)NC(=O)CNC(=O)[C@H](CCCCN)NC(=O)[C@@H](N)CSSC[C@]([H])(NC(=O)[C@]([H])(CSSC[C@H](NC(=O)[C@H](CCCCN)NC(=O)CNC(=O)[C@H](CO)NC(=O)[C@H](CCCNC(N)=N)NC1=O)C(N)=O)NC(=O)[C@H](CC(O)=O)NC(=O)[C@H](CC1=CC=C(O)C=C1)NC(=O)[C@H](CCSC)NC(=O)[C@H](CC(C)C)NC(=O)[C@H](CCCNC(N)=N)NC(=O)[C@H](CO)NC3=O)C(=O)N[C@@]([H])([C@@H](C)O)C(=O)NCC(=O)N[C@@H](CO)C(=O)N2
iloprost,NDA,2004,iloprost,DB01088,approved; investigational,[H][C@]12C[C@@H](O)[C@H](\C=C\[C@@H](O)C(C)CC#CC)[C@@]1([H])C\C(C2)=C\CCCC(O)=O
pregabalin,NDA,2004,pregabalin,DB00230,approved; investigational,CC(C)C[C@H](CN)CC(O)=O
pramlintide acetate,NDA,2005,pramlintide,DB01278,approved; investigational,[H]N[C@@H](CCCCN)C(=O)N[C@H]1CSSC[C@H](NC(=O)[C@@]([H])(NC(=O)[C@H](C)NC(=O)[C@@]([H])(NC(=O)[C@H](CC(N)=O)NC1=O)[C@@H](C)O)[C@@H](C)O)C(=O)N[C@@H](C)C(=O)N[C@@]([H])([C@@H](C)O)C(=O)N[C@@H](CCC(N)=O)C(=O)N[C@@H](CCCNC(N)=N)C(=O)N[C@@H](CC(C)C)C(=O)N[C@@H](C)C(=O)N[C@@H](CC(N)=O)C(=O)N[C@@H](CC1=CC=CC=C1)C(=O)N[C@@H](CC(C)C)C(=O)N[C@@H](C(C)C)C(=O)N[C@@H](CC1=CN=CN1)C(=O)N[C@@H](CO)C(=O)N[C@@H](CO)C(=O)N[C@@H](CC(N)=O)C(=O)N[C@@H](CC(N)=O)C(=O)N[C@@H](CC1=CC=CC=C1)C(=O)NCC(=O)N1CCC[C@H]1C(=O)N[C@@]([H])([C@@H](C)CC)C(=O)N[C@@H](CC(C)C)C(=O)N1CCC[C@H]1C(=O)N1CCC[C@H]1C(=O)N[C@@]([H])([C@@H](C)O)C(=O)N[C@@H](CC(N)=O)C(=O)N[C@@H](C(C)C)C(=O)NCC(=O)N[C@@H](CO)C(=O)N[C@@H](CC(N)=O)C(=O)N[C@@]([H])([C@@H](C)O)C(=O)N[C@@H](CC1=CC=C(O)C=C1)C(N)=O
micafungin sodium,NDA,2005,micafungin,DB01141,approved; investigational,CCCCCOC1=CC=C(C=C1)C1=CC(=NO1)C1=CC=C(C=C1)C(=O)N[C@H]1C[C@@H](O)[C@@H](O)NC(=O)[C@@H]2[C@@H](O)[C@@H](C)CN2C(=O)[C@@H](NC(=O)[C@@H](NC(=O)[C@@H]2C[C@@H](O)CN2C(=O)[C@@H](NC1=O)[C@@H](C)O)[C@H](O)[C@@H](O)C1=CC(OS(O)(=O)=O)=C(O)C=C1)[C@H](O)CC(N)=O
entecavir,NDA,2005,entecavir,DB00442,approved; investigational,NC1=NC(=O)C2=C(N1)N(C=N2)[C@H]1C[C@H](O)[C@@H](CO)C1=C
tigecycline,NDA,2005,tigecycline,DB00560,approved,[H][C@@]12CC3=C(C(O)=C(NC(=O)CNC(C)(C)C)C=C3N(C)C)C(=O)C1=C(O)[C@]1(O)C(=O)C(C(N)=O)=C(O)[C@@H](N(C)C)[C@]1([H])C2
tipranavir,NDA,2005,tipranavir,DB00932,approved; investigational,[H][C@@](CC)(C1=CC(NS(=O)(=O)C2=NC=C(C=C2)C(F)(F)F)=CC=C1)C1=C(O)C[C@@](CCC)(CCC2=CC=CC=C2)OC1=O
ramelteon,NDA,2005,ramelteon,DB00980,approved; investigational,CCC(=O)NCC[C@@H]1CCC2=C1C1=C(OCC1)C=C2
nepafenac,NDA,2005,nepafenac,DB06802,approved; investigational,NC(=O)CC1=CC=CC(C(=O)C2=CC=CC=C2)=C1N
nelarabine,NDA,2005,nelarabine,DB01280,approved; investigational,COC1=NC(N)=NC2=C1N=CN2[C@@H]1O[C@H](CO)[C@@H](O)[C@@H]1O
deferasirox,NDA,2005,deferasirox,DB01609,approved; investigational,OC(=O)C1=CC=C(C=C1)N1N=C(N=C1C1=CC=CC=C1O)C1=CC=CC=C1O
sorafenib tosylate,NDA,2005,sorafenib,DB00398,approved; investigational,CNC(=O)C1=NC=CC(OC2=CC=C(NC(=O)NC3=CC(=C(Cl)C=C3)C(F)(F)F)C=C2)=C1
lenalidomide,NDA,2005,lenalidomide,DB00480,approved,NC1=CC=CC2=C1CN(C1CCC(=O)NC1=O)C2=O
conivaptan hydrochloride,NDA,2005,conivaptan,DB00872,approved; investigational,CC1=NC2=C(CCN(C(=O)C3=CC=C(NC(=O)C4=CC=CC=C4C4=CC=CC=C4)C=C3)C3=CC=CC=C23)N1
sunitinib malate,NDA,2006,sunitinib,DB01268,approved; investigational,CCN(CC)CCNC(=O)C1=C(C)NC(\C=C2/C(=O)NC3=C2C=C(F)C=C3)=C1C
ranolazine,NDA,2006,ranolazine,DB00243,approved; investigational,COC1=CC=CC=C1OCC(O)CN1CCN(CC(=O)NC2=C(C)C=CC=C2C)CC1
lubiprostone,NDA,2006,lubiprostone,DB01046,approved; investigational,[H][C@@]12CC(=O)[C@H](CCCCCCC(O)=O)[C@@]1([H])CC[C@@](O)(O2)C(F)(F)CCCC
anidulafungin,NDA,2006,anidulafungin,DB00362,approved; investigational,[H][C@]1(NC(=O)[C@@H](NC(=O)[C@@H]2C[C@@H](O)CN2C(=O)[C@@H](NC(=O)[C@H](C[C@@H](O)[C@@H](O)NC(=O)[C@@H]2[C@@H](O)[C@@H](C)CN2C1=O)NC(=O)C1=CC=C(C=C1)C1=CC=C(C=C1)C1=CC=C(OCCCCC)C=C1)[C@@H](C)O)[C@H](O)[C@@H](O)C1=CC=C(O)C=C1)[C@@H](C)O
decitabine,NDA,2006,decitabine,DB01262,approved; investigational,NC1=NC(=O)N(C=N1)[C@H]1C[C@H](O)[C@@H](CO)O1
varenicline,NDA,2006,varenicline,DB01273,approved; investigational,C1C2CNCC1C1=C2C=C2N=CC=NC2=C1
rasagiline mesylate,NDA,2006,rasagiline,DB01367,approved,C#CCN[C@@H]1CCC2=CC=CC=C12
darunavir,NDA,2006,darunavir,DB01264,approved,[H][C@@]12CCO[C@]1([H])OC[C@@H]2OC(=O)N[C@@H](CC1=CC=CC=C1)[C@H](O)CN(CC(C)C)S(=O)(=O)C1=CC=C(N)C=C1
dasatinib,NDA,2006,dasatinib,DB01254,approved; investigational,CC1=NC(NC2=NC=C(S2)C(=O)NC2=C(C)C=CC=C2Cl)=CC(=N1)N1CCN(CCO)CC1
posaconazole,NDA,2006,posaconazole,DB01263,approved; investigational; vet_approved,CC[C@@H]([C@H](C)O)N1N=CN(C1=O)C1=CC=C(C=C1)N1CCN(CC1)C1=CC=C(OC[C@@H]2CO[C@](CN3C=NC=N3)(C2)C2=C(F)C=C(F)C=C2)C=C1
vorinostat,NDA,2006,vorinostat,DB02546,approved; investigational,ONC(=O)CCCCCCC(=O)NC1=CC=CC=C1
sitagliptin phosphate,NDA,2006,sitagliptin,DB01261,approved; investigational,N[C@@H](CC(=O)N1CCN2C(C1)=NN=C2C(F)(F)F)CC1=CC(F)=C(F)C=C1F
ciclesonide,NDA,2006,ciclesonide,DB01410,approved; investigational,[H][C@@]12C[C@@]3([H])[C@]4([H])CCC5=CC(=O)C=C[C@]5(C)[C@@]4([H])[C@@H](O)C[C@]3(C)[C@@]1(O[C@@H](O2)C1CCCCC1)C(=O)COC(=O)C(C)C
telbivudine,NDA,2006,telbivudine,DB01265,approved; investigational,CC1=CN([C@@H]2C[C@@H](O)[C@H](CO)O2)C(=O)NC1=O
paliperidone,NDA,2006,paliperidone,DB01267,approved,CC1=C(CCN2CCC(CC2)C2=NOC3=C2C=CC(F)=C3)C(=O)N2CCCC(O)C2=N1
lisdexamfetamine dimesylate,NDA,2007,lisdexamfetamine,DB01255,approved; investigational,C[C@@H](CC1=CC=CC=C1)NC(=O)[C@@H](N)CCCCN
aliskiren,NDA,2007,aliskiren,DB09026,approved; investigational,COCCCOC1=C(OC)C=CC(C[C@@H](C[C@H](N)[C@@H](O)C[C@@H](C(C)C)C(=O)NCC(C)(C)C(N)=O)C(C)C)=C1
lapatinib,NDA,2007,lapatinib,DB01259,approved; investigational,CS(=O)(=O)CCNCC1=CC=C(O1)C1=CC2=C(C=C1)N=CN=C2NC1=CC(Cl)=C(OCC2=CC(F)=CC=C2)C=C1
retapamulin,NDA,2007,retapamulin,DB01256,approved,[H][C@@]12C(=O)CC[C@]11CC[C@@H](C)[C@@]2(C)[C@@H](C[C@@](C)(C=C)[C@@H](O)[C@@H]1C)OC(=O)CS[C@H]1C[C@@H]2CC[C@H](C1)N2C
rotigotine,NDA,2007,rotigotine,DB05271,approved,CCCN(CCC1=CC=CS1)[C@H]1CCC2=C(O)C=CC=C2C1
temsirolimus,NDA,2007,temsirolimus,DB06287,approved,OCC(C)(CO)C(=O)O[C@@H]1CC[C@@H](C[C@@H](C)[C@]2([H])CC(=O)[C@H](C)\C=C(C)\[C@@H](O)[C@@H](OC)C(=O)[C@H](C)C[C@H](C)\C=C\C=C\C=C(C)\[C@@H](OC)C[C@]3([H])CC[C@@H](C)[C@@](O)(O3)C(=O)C(=O)N3CCCC[C@H]3C(=O)O2)C[C@H]1OC
ambrisentan,NDA,2007,ambrisentan,DB06403,approved; investigational,COC([C@H](OC1=NC(C)=CC(C)=N1)C(O)=O)(C1=CC=CC=C1)C1=CC=CC=C1
maraviroc,NDA,2007,maraviroc,DB04835,approved; investigational,CC(C)C1=NN=C(C)N1[C@H]1C[C@@H]2CC[C@H](C1)N2CC[C@H](NC(=O)C1CCC(F)(F)CC1)C1=CC=CC=C1
lanreotide,NDA,2007,lanreotide,DB06791,approved,[H]N([H])CCCCC1N([H])C(=O)C(CC2=CN([H])C3=CC=CC=C23)N([H])C(=O)C(CC2=CC=C(O)C=C2)N([H])C(=O)C(CSSCC(N([H])C(=O)C(N([H])C1=O)C(C)C)C(=O)N([H])C(C(C)O)C(=O)N([H])[H])N([H])C(=O)C(CC1=CC2=CC=CC=C2C=C1)N([H])[H]
doripenem,NDA,2007,doripenem,DB06211,approved; investigational,[H][C@]12[C@@H](C)C(S[C@@H]3CN[C@H](CNS(N)(=O)=O)C3)=C(N1C(=O)[C@]2([H])[C@@H](C)O)C(O)=O
raltegravir,NDA,2007,raltegravir,DB06817,approved,CN1C(=O)C(O)=C(N=C1C(C)(C)NC(=O)C1=NN=C(C)O1)C(=O)NCC1=CC=C(F)C=C1
ixabepilone,NDA,2007,ixabepilone,DB04845,approved; investigational,[H][C@]12C[C@H](NC(=O)C[C@H](O)C(C)(C)C(=O)[C@H](C)[C@@H](O)[C@@H](C)CCC[C@@]1(C)O2)C(\C)=C\C1=CSC(C)=N1
nilotinib,NDA,2007,nilotinib,DB04868,approved; investigational,CC1=CN(C=N1)C1=CC(NC(=O)C2=CC=C(C)C(NC3=NC=CC(=N3)C3=CN=CC=C3)=C2)=CC(=C1)C(F)(F)F
sapropterin dihydrochloride,NDA,2007,sapropterin,DB00360,approved; investigational,[H][C@@]1(CNC2=C(N1)C(=O)NC(N)=N2)[C@@H](O)[C@H](C)O
nebivolol,NDA,2007,nebivolol,DB04861,approved; investigational,OC(CNCC(O)C1CCC2=C(O1)C=CC(F)=C2)C1CCC2=C(O1)C=CC(F)=C2
etravirine,NDA,2008,etravirine,DB06414,approved,CC1=CC(=CC(C)=C1OC1=C(Br)C(N)=NC(NC2=CC=C(C=C2)C#N)=N1)C#N
desvenlafaxine,NDA,2008,desvenlafaxine,DB06700,approved; investigational,CN(C)CC(C1=CC=C(O)C=C1)C1(O)CCCCC1
bendamustine hydrochloride,NDA,2008,bendamustine,DB06769,approved; investigational,CN1C(CCCC(O)=O)=NC2=CC(=CC=C12)N(CCCl)CCCl
regadenoson,NDA,2008,regadenoson,DB06213,approved; investigational,CNC(=O)C1=CN(N=C1)C1=NC2=C(N=CN2[C@@H]2O[C@H](CO)[C@@H](O)[C@H]2O)C(N)=N1
methylnaltrexoneÂ bromide,NDA,2008,methylnaltrexone,DB06800,approved,C[N@+]1(CC2CC2)CC[C@]23[C@H]4OC5=C(O)C=CC(C[C@@H]1[C@]2(O)CCC4=O)=C35
alvimopan,NDA,2008,alvimopan,DB06274,approved; investigational,C[C@H]1CN(C[C@H](CC2=CC=CC=C2)C(=O)NCC(O)=O)CC[C@@]1(C)C1=CC(O)=CC=C1
difluprednate,NDA,2008,difluprednate,DB06781,approved,[H][C@@]12CC[C@](OC(=O)CCC)(C(=O)COC(C)=O)[C@@]1(C)C[C@H](O)[C@@]1(F)[C@@]2([H])C[C@H](F)C2=CC(=O)C=C[C@]12C
clevidipine,NDA,2008,clevidipine,DB04920,approved; investigational,CCCC(=O)OCOC(=O)C1=C(C)NC(C)=C(C1C1=CC=CC(Cl)=C1Cl)C(=O)OC
tetrabenazine,NDA,2008,tetrabenazine,DB04844,approved; investigational,COC1=C(OC)C=C2C3CC(=O)C(CC(C)C)CN3CCC2=C1
silodosin,NDA,2008,silodosin,DB06207,approved,C[C@H](CC1=CC2=C(N(CCCO)CC2)C(=C1)C(N)=O)NCCOC1=CC=CC=C1OCC(F)(F)F
lacosamide,NDA,2008,lacosamide,DB06218,approved,COC[C@@H](NC(C)=O)C(=O)NCC1=CC=CC=C1
fesoterodine fumarate,NDA,2008,fesoterodine,DB06702,approved,CC(C)N(CC[C@H](C1=CC=CC=C1)C1=C(OC(=O)C(C)C)C=CC(CO)=C1)C(C)C
rufinamide,NDA,2008,rufinamide,DB06201,approved,NC(=O)C1=CN(CC2=C(F)C=CC=C2F)N=N1
eltrombopag,NDA,2008,eltrombopag,DB06210,approved,CC1=NN(C(=O)\C1=N/NC1=CC=CC(C2=CC=CC(=C2)C(O)=O)=C1O)C1=CC=C(C)C(C)=C1
tapentadol,NDA,2008,tapentadol,DB06204,approved,CC[C@H]([C@@H](C)CN(C)C)C1=CC(O)=CC=C1
fospropofol disodium,NDA,2008,fospropofol,DB06716,approved; illicit; investigational,CC(C)C1=CC=CC(C(C)C)=C1OCOP(O)(O)=O
plerixafor,NDA,2008,plerixafor,DB06809,approved,C(N1CCCNCCNCCCNCC1)C1=CC=C(CN2CCCNCCNCCCNCC2)C=C1
degarelix,NDA,2008,degarelix,DB06699,approved,CC(C)C[C@H](NC(=O)[C@@H](CC1=CC=C(NC(N)=O)C=C1)NC(=O)[C@H](CC1=CC=C(NC(=O)[C@@H]2CC(=O)NC(=O)N2)C=C1)NC(=O)[C@H](CO)NC(=O)[C@@H](CC1=CC=CN=C1)NC(=O)[C@@H](CC1=CC=C(Cl)C=C1)NC(=O)[C@@H](CC1=CC=C2C=CC=CC2=C1)NC(C)=O)C(=O)N[C@@H](CCCCNC(C)C)C(=O)N1CCC[C@H]1C(=O)N[C@H](C)C(N)=O
milnacipran hydrochloride,NDA,2009,milnacipran,DB04896,approved; investigational,CCN(CC)C(=O)C1(CC1CN)C1=CC=CC=C1
febuxostat,NDA,2009,febuxostat,DB04854,approved,CC(C)COC1=C(C=C(C=C1)C1=NC(C)=C(S1)C(O)=O)C#N
everolimus,NDA,2009,everolimus,DB01590,approved,[H][C@@]1(C[C@@H](C)[C@]2([H])CC(=O)[C@H](C)\C=C(C)\[C@@H](O)[C@@H](OC)C(=O)[C@H](C)C[C@H](C)\C=C\C=C\C=C(C)\[C@H](C[C@]3([H])CC[C@@H](C)[C@@](O)(O3)C(=O)C(=O)N3CCCC[C@@]3([H])C(=O)O2)OC)CC[C@@H](OCCO)[C@@H](C1)OC
benzyl alcohol,NDA,2009,benzyl alcohol,DB06770,approved,OCC1=CC=CC=C1
iloperidone,NDA,2009,iloperidone,DB04946,approved,COC1=C(OCCCN2CCC(CC2)C2=NOC3=C2C=CC(F)=C3)C=CC(=C1)C(C)=O
tolvaptan,NDA,2009,tolvaptan,DB06212,approved,CC1=CC=CC=C1C(=O)NC1=CC(C)=C(C=C1)C(=O)N1CCC[C@@H](O)C2=C1C=CC(Cl)=C2
besifloxacin,NDA,2009,besifloxacin,DB06771,approved,N[C@@H]1CCCCN(C1)C1=C(F)C=C2C(=O)C(=CN(C3CC3)C2=C1Cl)C(O)=O
dronedarone,NDA,2009,dronedarone,DB04855,approved,CCCCN(CCCC)CCCOC1=CC=C(C=C1)C(=O)C1=C(CCCC)OC2=C1C=C(NS(C)(=O)=O)C=C2
prasugrel,NDA,2009,prasugrel,DB06209,approved,CC(=O)OC1=CC2=C(CCN(C2)C(C(=O)C2CC2)C2=CC=CC=C2F)S1
saxagliptin,NDA,2009,saxagliptin,DB06335,approved,[H][C@@]12C[C@]1([H])N([C@@H](C2)C#N)C(=O)[C@@H](N)C12CC3CC(CC(O)(C3)C1)C2
pitavastatin,NDA,2009,pitavastatin,DB08860,approved,O[C@H](C[C@H](O)\C=C\C1=C(N=C2C=CC=CC2=C1C1=CC=C(F)C=C1)C1CC1)CC(O)=O
asenapine,NDA,2009,asenapine,DB06216,approved,CN1CC2C(C1)C1=C(OC3=CC=C(Cl)C=C23)C=CC=C1
vigabatrin,NDA,2009,vigabatrin,DB01080,approved,NC(CCC(O)=O)C=C
bepotastine besilate,NDA,2009,bepotastine,DB04890,approved,OC(=O)CCCN1CCC(CC1)OC(C1=CC=C(Cl)C=C1)C1=CC=CC=N1
telavancin,NDA,2009,telavancin,DB06402,approved,CCCCCCCCCCNCCN[C@@]1(C)C[C@H](O[C@@H]2[C@@H](O)[C@H](O)[C@@H](CO)O[C@H]2OC2=C3OC4=CC=C(C=C4Cl)[C@@H](O)[C@@H](NC(=O)[C@@H](CC(C)C)NC)C(=O)N[C@@H](CC(N)=O)C(=O)N[C@@H]4C(C=C2OC2=C(Cl)C=C(C=C2)[C@@H](O)[C@@H]2NC(=O)[C@H](NC4=O)C4=CC(=C(O)C=C4)C4=C(O)C(CNCP(O)(O)=O)=C(O)C=C4[C@H](NC2=O)C(O)=O)=C3)O[C@@H](C)[C@H]1O
pralatrexate,NDA,2009,pralatrexate,DB06813,approved; investigational,NC1=NC2=NC=C(CC(CC#C)C3=CC=C(C=C3)C(=O)N[C@@H](CCC(O)=O)C(O)=O)N=C2C(N)=N1
pazopanib,NDA,2009,pazopanib,DB06589,approved,CN(C1=CC2=NN(C)C(C)=C2C=C1)C1=CC=NC(NC2=CC=C(C)C(=C2)S(N)(=O)=O)=N1
romidepsin,NDA,2009,romidepsin,DB06176,approved; investigational,C\C=C1/NC(=O)[C@H]2CSSCC\C=C\[C@H](CC(=O)N[C@H](C(C)C)C(=O)N2)OC(=O)[C@@H](NC1=O)C(C)C
capsaicin,NDA,2009,capsaicin,DB06774,approved,COC1=C(O)C=CC(CNC(=O)CCCC\C=C\C(C)C)=C1
dalfampridine,NDA,2010,dalfampridine,DB06637,approved,NC1=CC=NC=C1
carglumic acid,NDA,2010,carglumic acid,DB06775,approved,NC(=O)N[C@@H](CCC(O)=O)C(O)=O
polidocanol,NDA,2010,polidocanol,DB06811,approved,CCCCCCCCCCCCOCCOCCOCCOCCOCCOCCOCCOCCOCCO
cabazitaxel,NDA,2010,cabazitaxel,DB06772,approved,[H][C@]12[C@H](OC(=O)C3=CC=CC=C3)[C@]3(O)C[C@H](OC(=O)[C@H](O)[C@@H](NC(=O)OC(C)(C)C)C4=CC=CC=C4)C(C)=C([C@@H](OC)C(=O)[C@]1(C)[C@H](C[C@H]1OC[C@@]21OC(C)=O)OC)C3(C)C
alcaftadine,NDA,2010,alcaftadine,DB06766,approved,CN1CCC(CC1)=C1C2=NC=C(C=O)N2CCC2=CC=CC=C12
ulipristal acetate,NDA,2010,ulipristal,DB08867,approved,CN(C)C1=CC=C(C=C1)[C@H]1C[C@@]2(C)[C@@H](CC[C@]2(O)C(C)=O)[C@@H]2CCC3=CC(=O)CCC3=C12
fingolimod,NDA,2010,fingolimod,DB08868,approved; investigational,CCCCCCCCC1=CC=C(CCC(N)(CO)CO)C=C1
dabigatran etexilate mesylate,NDA,2010,dabigatran etexilate,DB06695,approved,CCCCCCOC(=O)\N=C(\N)C1=CC=C(NCC2=NC3=C(C=CC(=C3)C(=O)N(CCC(=O)OCC)C3=NC=CC=C3)N2C)C=C1
lurasidone hydrochloride,NDA,2010,lurasidone,DB08815,approved; investigational,[H][C@@]12[C@H]3CC[C@H](C3)[C@]1([H])C(=O)N(C[C@@H]1CCCC[C@H]1CN1CCN(CC1)C1=NSC3=CC=CC=C13)C2=O
ceftaroline fosamil,NDA,2010,ceftaroline fosamil,DB06590,approved; investigational,[H][C@]12SCC(SC3=NC(=CS3)C3=CC=[N+](C)C=C3)=C(N1C(=O)[C@H]2NC(=O)C(=N/OCC)\C1=NSC(NP(O)(O)=O)=N1)C([O-])=O
eribulin mesylate,NDA,2010,eribulin,DB08871,approved; investigational,[H][C@@]12CC(=C)[C@]([H])(CC[C@@]3([H])C[C@@H](C)C(=C)[C@@]([H])(C[C@]4([H])O[C@H](C[C@H](O)CN)[C@H](OC)[C@@]4([H])CC(=O)C[C@@]4([H])CC[C@]5([H])O[C@@]6([H])[C@H]7O[C@@]8(C[C@]7([H])O[C@@]6([H])[C@@]([H])(O8)[C@@]5([H])O4)CC1)O3)O2
spinosad,NDA,2011,spinosad,DB08823,approved; investigational; vet_approved,[H][C@]1(C[C@@]2([H])C=C[C@@]3([H])[C@]4([H])CC(=O)O[C@@]([H])(CC)CCC[C@]([H])(O[C@@]5([H])CC[C@]([H])(N(C)C)[C@@]([H])(C)O5)[C@@]([H])(C)C(=O)C4=C[C@@]3([H])[C@]2([H])C1)O[C@]1([H])O[C@@]([H])(C)[C@]([H])(OC)[C@@]([H])(OC)[C@@]1([H])OC.[H][C@]1(C[C@@]2([H])C(C)=C[C@@]3([H])[C@]4([H])CC(=O)O[C@@]([H])(CC)CCC[C@]([H])(O[C@@]5([H])CC[C@]([H])(N(C)C)[C@@]([H])(C)O5)[C@@]([H])(C)C(=O)C4=C[C@@]3([H])[C@]2([H])C1)O[C@]1([H])O[C@@]([H])(C)[C@]([H])(OC)[C@@]([H])(OC)[C@@]1([H])OC
vilazodone hydrochloride,NDA,2011,vilazodone,DB06684,approved,NC(=O)C1=CC2=CC(=CC=C2O1)N1CCN(CCCCC2=CNC3=C2C=C(C=C3)C#N)CC1
azilsartan medoxomil,NDA,2011,azilsartan medoxomil,DB08822,approved; investigational,CCOC1=NC2=C(N1CC1=CC=C(C=C1)C1=CC=CC=C1C1=NOC(=O)N1)C(=CC=C2)C(=O)OCC1=C(C)OC(=O)O1
roflumilast,NDA,2011,roflumilast,DB01656,approved,FC(F)OC1=C(OCC2CC2)C=C(C=C1)C(=O)NC1=C(Cl)C=NC=C1Cl
gadobutrol,NDA,2011,gadobutrol,DB06703,approved,OC[C@H](O)[C@H](CO)[N+]12CC[N+]3(CC([O-])=O)CC[N+]4(CC([O-])=O)CC[N+](CC([O-])=O)(CC1)[Gd-]234
gabapentin enacarbil,NDA,2011,gabapentin enacarbil,DB08872,approved; investigational,CC(C)C(=O)OC(C)OC(=O)NCC1(CC(O)=O)CCCCC1
abiraterone acetate,NDA,2011,abiraterone,DB05812,approved,[H][C@@]12CC=C(C3=CC=CN=C3)[C@@]1(C)CC[C@@]1([H])[C@@]2([H])CC=C2C[C@@H](O)CC[C@]12C
linagliptin,NDA,2011,linagliptin,DB08882,approved,CC#CCN1C(=NC2=C1C(=O)N(CC1=NC3=C(C=CC=C3)C(C)=N1)C(=O)N2C)N1CCC[C@@H](N)C1
boceprevir,NDA,2011,boceprevir,DB08873,approved; withdrawn,[H][C@]12CN([C@H](C(=O)NC(CC3CCC3)C(=O)C(N)=O)[C@@]1([H])C2(C)C)C(=O)[C@@H](NC(=O)NC(C)(C)C)C(C)(C)C
rilpivirine,NDA,2011,rilpivirine,DB08864,approved,CC1=CC(\C=C\C#N)=CC(C)=C1NC1=CC=NC(NC2=CC=C(C=C2)C#N)=N1
telaprevir,NDA,2011,telaprevir,DB05521,approved; withdrawn,[H][C@@]12CCC[C@]1([H])[C@H](N(C2)C(=O)[C@@H](NC(=O)[C@@H](NC(=O)C1=NC=CN=C1)C1CCCCC1)C(C)(C)C)C(=O)N[C@@H](CCC)C(=O)C(=O)NC1CC1
fidaxomicin,NDA,2011,fidaxomicin,DB08874,approved,[H][C@@]1(O[C@@H]2[C@@H](CC)\C=C(C)\[C@@H](O)C\C=C\C=C(CO[C@@H]3O[C@H](C)[C@@H](OC(=O)C4=C(CC)C(Cl)=C(O)C(Cl)=C4O)[C@H](O)[C@@H]3OC)\C(=O)O[C@@H](C\C=C(/C)\C=C2/C)[C@@H](C)O)OC(C)(C)[C@@H](OC(=O)C(C)C)[C@H](O)[C@@H]1O
ezogabine,NDA,2011,ezogabine,DB04953,approved; investigational,CCOC(=O)NC1=C(N)C=C(NCC2=CC=C(F)C=C2)C=C1
indacaterol,NDA,2011,indacaterol,DB05039,approved,CCC1=C(CC)C=C2CC(CC2=C1)NC[C@H](O)C1=C2C=CC(=O)NC2=C(O)C=C1
rivaroxaban,NDA,2011,rivaroxaban,DB06228,approved,ClC1=CC=C(S1)C(=O)NC[C@H]1CN(C(=O)O1)C1=CC=C(C=C1)N1CCOCC1=O
ticagrelor,NDA,2011,ticagrelor,DB08816,approved,CCCSC1=NC2=C(N=NN2[C@@H]2C[C@H](OCCO)[C@@H](O)[C@H]2O)C(N[C@@H]2C[C@H]2C2=CC(F)=C(F)C=C2)=N1
vemurafenib,NDA,2011,vemurafenib,DB08881,approved,CCCS(=O)(=O)NC1=C(F)C(C(=O)C2=CNC3=NC=C(C=C23)C2=CC=C(Cl)C=C2)=C(F)C=C1
icatibant,NDA,2011,icatibant,DB06196,approved; investigational,[H][C@]12C[C@]([H])(N(C(=O)[C@@]3([H])CC4=C(CN3C(=O)[C@H](CO)NC(=O)[C@H](CC3=CC=CS3)NC(=O)CNC(=O)[C@]3([H])C[C@@H](O)CN3C(=O)[C@@H]3CCCN3C(=O)[C@H](CCCNC(N)=N)NC(=O)[C@H](N)CCCNC(N)=N)C=CC=C4)[C@@]1([H])CCCC2)C(=O)N[C@@H](CCCNC(N)=N)C(O)=O
crizotinib,NDA,2011,crizotinib,DB08865,approved,C[C@@H](OC1=CC(=CN=C1N)C1=CN(N=C1)C1CCNCC1)C1=C(Cl)C=CC(F)=C1Cl
deferiprone,NDA,2011,deferiprone,DB08826,approved,CN1C=CC(=O)C(O)=C1C
clobazam,NDA,2011,clobazam,DB00349,approved; illicit,CN1C2=C(C=C(Cl)C=C2)N(C2=CC=CC=C2)C(=O)CC1=O
ruxolitinib,NDA,2011,ruxolitinib,DB08877,approved,N#CC[C@H](C1CCCC1)N1C=C(C=N1)C1=C2C=CNC2=NC=N1
ingenol mebutate,NDA,2012,ingenol mebutate,DB05013,approved,[H][C@@]12C[C@@H](C)[C@]34C=C(C)[C@H](OC(=O)C(\C)=C/C)[C@@]3(O)[C@H](O)C(CO)=C[C@@]([H])(C4=O)[C@]1([H])C2(C)C
axitinib,NDA,2012,axitinib,DB06626,approved; investigational,CNC(=O)C1=C(SC2=CC=C3C(NN=C3\C=C\C3=CC=CC=N3)=C2)C=CC=C1
vismodegib,NDA,2012,vismodegib,DB08828,approved; investigational,CS(=O)(=O)C1=CC(Cl)=C(C=C1)C(=O)NC1=CC=C(Cl)C(=C1)C1=CC=CC=N1
ivacaftor,NDA,2012,ivacaftor,DB08820,approved,CC(C)(C)C1=CC(=C(O)C=C1NC(=O)C1=CNC2=CC=CC=C2C1=O)C(C)(C)C
tafluprost,NDA,2012,tafluprost,DB08819,approved,CC(C)OC(=O)CCC\C=C/C[C@H]1[C@@H](O)C[C@@H](O)[C@@H]1\C=C\C(F)(F)COC1=CC=CC=C1
avanafil,NDA,2012,avanafil,DB06237,approved,COC1=C(Cl)C=C(CNC2=C(C=NC(=N2)N2CCC[C@H]2CO)C(=O)NCC2=NC=CC=N2)C=C1
lorcaserin hydrochloride,NDA,2012,lorcaserin,DB04871,approved,C[C@H]1CNCCC2=CC=C(Cl)C=C12
mirabegron,NDA,2012,mirabegron,DB08893,approved,NC1=NC(CC(=O)NC2=CC=C(CCNC[C@H](O)C3=CC=CC=C3)C=C2)=CS1
carfilzomib,NDA,2012,carfilzomib,DB08889,approved; investigational,CC(C)C[C@H](NC(=O)[C@H](CCC1=CC=CC=C1)NC(=O)CN1CCOCC1)C(=O)N[C@@H](CC1=CC=CC=C1)C(=O)N[C@@H](CC(C)C)C(=O)[C@@]1(C)CO1
aclidinium bromide,NDA,2012,aclidinium,DB08897,approved,OC(C(=O)O[C@H]1C[N+]2(CCCOC3=CC=CC=C3)CCC1CC2)(C1=CC=CS1)C1=CC=CS1
linaclotide,NDA,2012,linaclotide,DB08890,approved,[H][C@]1(CSSC[C@]2([H])NC(=O)[C@H](CC3=CC=C(O)C=C3)NC(=O)[C@H](CCC(O)=O)NC(=O)[C@@H]3CSSC[C@H](NC(=O)[C@H](C)NC(=O)[C@@H]4CCCN4C(=O)[C@H](CC(N)=O)NC(=O)[C@H](CSSC[C@H](N)C(=O)N3)NC2=O)C(=O)N[C@@]([H])([C@@H](C)O)C(=O)NCC(=O)N1)C(=O)N[C@@H](CC1=CC=C(O)C=C1)C(O)=O
enzalutamide,NDA,2012,enzalutamide,DB08899,approved,CNC(=O)C1=C(F)C=C(C=C1)N1C(=S)N(C(=O)C1(C)C)C1=CC=C(C#N)C(=C1)C(F)(F)F
bosutinib,NDA,2012,bosutinib,DB06616,approved,COC1=CC(NC2=C(C=NC3=CC(OCCCN4CCN(C)CC4)=C(OC)C=C23)C#N)=C(Cl)C=C1Cl
teriflunomide,NDA,2012,teriflunomide,DB08880,approved,C\C(O)=C(/C#N)C(=O)NC1=CC=C(C=C1)C(F)(F)F
regorafenib,NDA,2012,regorafenib,DB08896,approved,CNC(=O)C1=CC(OC2=CC(F)=C(NC(=O)NC3=CC=C(Cl)C(=C3)C(F)(F)F)C=C2)=CC=N1
perampanel,NDA,2012,perampanel,DB08883,approved,O=C1N(C=C(C=C1C1=CC=CC=C1C#N)C1=NC=CC=C1)C1=CC=CC=C1
tofacitinib,NDA,2012,tofacitinib,DB08895,approved; investigational,C[C@@H]1CCN(C[C@@H]1N(C)C1=NC=NC2=C1C=CN2)C(=O)CC#N
cabozantinib,NDA,2012,cabozantinib,DB08875,approved; investigational,COC1=CC2=C(C=C1OC)C(OC1=CC=C(NC(=O)C3(CC3)C(=O)NC3=CC=C(F)C=C3)C=C1)=CC=N2
pasireotide,NDA,2012,pasireotide,DB06663,approved,NCCCC[C@@H]1NC(=O)[C@@H](CC2=CNC3=C2C=CC=C3)NC(=O)[C@@H](NC(=O)[C@@H]2C[C@H](CN2C(=O)[C@H](CC2=CC=CC=C2)NC(=O)[C@H](CC2=CC=C(OCC3=CC=CC=C3)C=C2)NC1=O)OC(=O)NCCN)C1=CC=CC=C1
ponatinib,NDA,2012,ponatinib,DB08901,approved; investigational,CN1CCN(CC2=CC=C(NC(=O)C3=CC(C#CC4=CN=C5C=CC=NN45)=C(C)C=C3)C=C2C(F)(F)F)CC1
lomitapide,NDA,2012,lomitapide,DB08827,approved; investigational,FC(F)(F)CNC(=O)C1(CCCCN2CCC(CC2)NC(=O)C2=C(C=CC=C2)C2=CC=C(C=C2)C(F)(F)F)C2=CC=CC=C2C2=CC=CC=C12
apixaban,NDA,2012,apixaban,DB06605,approved,COC1=CC=C(C=C1)N1N=C(C(N)=O)C2=C1C(=O)N(CC2)C1=CC=C(C=C1)N1CCCCC1=O
bedaquiline,NDA,2012,bedaquiline,DB08903,approved,COC1=NC2=C(C=C(Br)C=C2)C=C1[C@@H](C1=CC=CC=C1)[C@@](O)(CCN(C)C)C1=CC=CC2=C1C=CC=C2
alogliptin,NDA,2013,alogliptin,DB06203,approved,CN1C(=O)C=C(N2CCC[C@@H](N)C2)N(CC2=C(C=CC=C2)C#N)C1=O
mipomersen sodium,NDA,2013,mipomersen,DB05528,approved; investigational,COCCO[C@H]1[C@@H](O)[C@H](COP(O)(=O)S[C@H]2[C@H](COP(O)(=O)S[C@H]3[C@H](COP(O)(=O)S[C@H]4[C@H](COP(O)(=O)S[C@@H]5[C@@H](COP(O)(=O)S[C@H]6C[C@@H](O[C@@H]6COP(O)(=O)S[C@H]6C[C@@H](O[C@@H]6COP(O)(=O)S[C@H]6C[C@@H](O[C@@H]6COP(O)(=O)S[C@H]6C[C@@H](O[C@@H]6COP(O)(=O)S[C@H]6C[C@@H](O[C@@H]6COP(O)(=O)S[C@H]6C[C@@H](O[C@@H]6COP(O)(=O)S[C@H]6C[C@@H](O[C@@H]6COP(O)(=O)S[C@H]6C[C@@H](O[C@@H]6COP(O)(=O)S[C@H]6C[C@@H](O[C@@H]6COP(O)(=O)S[C@H]6C[C@@H](O[C@@H]6COP(O)(=O)S[C@@H]6[C@@H](COP(O)(=O)S[C@@H]7[C@@H](COP(O)(=O)S[C@@H]8[C@@H](COP(O)(=O)S[C@@H]9[C@@H](COP(O)(=O)S[C@@H]%10[C@@H](CO)O[C@H]([C@@H]%10OCCOC)N%10C=NC%11=C%10N=C(N)NC%11=O)O[C@H]([C@@H]9OCCOC)N9C=C(C)C(N)=NC9=O)O[C@H]([C@@H]8OCCOC)N8C=C(C)C(N)=NC8=O)O[C@H]([C@@H]7OCCOC)N7C=C(C)C(=O)NC7=O)O[C@H]([C@@H]6OCCOC)N6C=C(C)C(N)=NC6=O)N6C=NC7=C6N=CN=C7N)N6C=NC7=C6N=C(N)NC7=O)N6C=C(C)C(=O)NC6=O)N6C=C(C)C(N)=NC6=O)N6C=C(C)C(=O)NC6=O)N6C=NC7=C6N=C(N)NC7=O)N6C=C(C)C(N)=NC6=O)N6C=C(C)C(=O)NC6=O)N6C=C(C)C(=O)NC6=O)N6C=C(C)C(N)=NC6=O)O[C@H]([C@@H]5OCCOC)N5C=NC6=C5N=C(N)NC6=O)O[C@@H]([C@H]4OCCOC)N4C=C(C)C(N)=NC4=O)O[C@@H]([C@H]3OCCOC)N3C=NC4=C3N=CN=C4N)O[C@@H]([C@H]2OCCOC)N2C=C(C)C(N)=NC2=O)O[C@@H]1N1C=C(C)C(N)=NC1=O
pomalidomide,NDA,2013,pomalidomide,DB08910,approved,NC1=CC=CC2=C1C(=O)N(C1CCC(=O)NC1=O)C2=O
ospemifene,NDA,2013,ospemifene,DB04938,approved; investigational,OCCOC1=CC=C(C=C1)C(=C(\CCCl)C1=CC=CC=C1)\C1=CC=CC=C1
canagliflozin,NDA,2013,canagliflozin,DB08907,approved,[H][C@]1(O[C@H](CO)[C@@H](O)[C@H](O)[C@H]1O)C1=CC=C(C)C(CC2=CC=C(S2)C2=CC=C(F)C=C2)=C1
dabrafenib,NDA,2013,dabrafenib,DB08912,approved; investigational,CC(C)(C)C1=NC(=C(S1)C1=NC(N)=NC=C1)C1=C(F)C(NS(=O)(=O)C2=C(F)C=CC=C2F)=CC=C1
trametinib,NDA,2013,trametinib,DB08911,approved,CN1C(=O)C(C)=C2N(C(=O)N(C3CC3)C(=O)C2=C1NC1=CC=C(I)C=C1F)C1=CC(NC(C)=O)=CC=C1
afatinib,NDA,2013,afatinib,DB08916,approved,CN(C)C\C=C\C(=O)NC1=C(O[C@H]2CCOC2)C=C2N=CN=C(NC3=CC(Cl)=C(F)C=C3)C2=C1
dolutegravir,NDA,2013,dolutegravir,DB08930,approved,[H][C@]12CN3C=C(C(=O)NCC4=CC=C(F)C=C4F)C(=O)C(O)=C3C(=O)N1[C@H](C)CCO2
vortioxetine,NDA,2013,vortioxetine,DB09068,approved; investigational,CC1=CC=C(SC2=CC=CC=C2N2CCNCC2)C(C)=C1
riociguat,NDA,2013,riociguat,DB08931,approved,COC(=O)N(C)C1=C(N)N=C(N=C1N)C1=NN(CC2=C(F)C=CC=C2)C2=C1C=CC=N2
macitentan,NDA,2013,macitentan,DB08932,approved,CCCNS(=O)(=O)NC1=C(C(OCCOC2=NC=C(Br)C=N2)=NC=N1)C1=CC=C(Br)C=C1
eslicarbazepine acetate,NDA,2013,eslicarbazepine,DB14575,approved,NC(=O)N1C2=C(C[C@H](O)C3=C1C=CC=C3)C=CC=C2
ibrutinib,NDA,2013,ibrutinib,DB09053,approved,NC1=NC=NC2=C1C(=NN2[C@@H]1CCCN(C1)C(=O)C=C)C1=CC=C(OC2=CC=CC=C2)C=C1
luliconazole,NDA,2013,luliconazole,DB08933,approved,ClC1=CC(Cl)=C(C=C1)[C@@H]1CS\C(S1)=C(\C#N)N1C=CN=C1
simeprevir,NDA,2013,simeprevir,DB06290,approved,[H][C@]12C[C@]1(NC(=O)[C@]1([H])C[C@H](C[C@@]1([H])C(=O)N(C)CCCC\C=C/2)OC1=CC(=NC2=C1C=CC(OC)=C2C)C1=NC(=CS1)C(C)C)C(=O)NS(=O)(=O)C1CC1
sofosbuvir,NDA,2013,sofosbuvir,DB08934,approved,CC(C)OC(=O)[C@H](C)N[P@](=O)(OC[C@H]1O[C@@H](N2C=CC(=O)NC2=O)[C@](C)(F)[C@@H]1O)OC1=CC=CC=C1
dapagliflozin,NDA,2014,dapagliflozin,DB06292,approved,CCOC1=CC=C(CC2=C(Cl)C=CC(=C2)[C@@H]2O[C@H](CO)[C@@H](O)[C@H](O)[C@H]2O)C=C1
tasimelteon,NDA,2014,tasimelteon,DB09071,approved; investigational,CCC(=O)NC[C@@H]1C[C@H]1C1=CC=CC2=C1CCO2
droxidopa,NDA,2014,droxidopa,DB06262,approved; investigational,N[C@@H]([C@H](O)C1=CC(O)=C(O)C=C1)C(O)=O
miltefosine,NDA,2014,miltefosine,DB09031,approved; investigational,CCCCCCCCCCCCCCCCOP([O-])(=O)OCC[N+](C)(C)C
apremilast,NDA,2014,apremilast,DB05676,approved; investigational,CCOC1=CC(=CC=C1OC)[C@@H](CS(C)(=O)=O)N1C(=O)C2=CC=CC(NC(C)=O)=C2C1=O
ceritinib,NDA,2014,ceritinib,DB09063,approved,CC(C)OC1=C(NC2=NC=C(Cl)C(N2)=NC2=CC=CC=C2S(=O)(=O)C(C)C)C=C(C)C(=C1)C1CCNCC1
vorapaxar,NDA,2014,vorapaxar,DB09030,approved,[H][C@@]12C[C@]3([H])C[C@@H](CC[C@@]3([H])[C@H](\C=C\C3=CC=C(C=N3)C3=CC(F)=CC=C3)[C@]1([H])[C@@H](C)OC2=O)NC(=O)OCC
efinaconazole,NDA,2014,efinaconazole,DB09040,approved,C[C@@H](N1CCC(=C)CC1)[C@](O)(CN1C=NC=N1)C1=C(F)C=C(F)C=C1
tedizolid phosphate,NDA,2014,tedizolid,DB14569,approved; investigational,CN1N=NC(=N1)C1=NC=C(C=C1)C1=C(F)C=C(C=C1)N1C[C@H](CO)OC1=O
belinostat,NDA,2014,belinostat,DB05015,approved; investigational,ONC(=O)\C=C\C1=CC=CC(=C1)S(=O)(=O)NC1=CC=CC=C1
tavaborole,NDA,2014,tavaborole,DB09041,approved; investigational,OB1OCC2=CC(F)=CC=C12
idelalisib,NDA,2014,idelalisib,DB09054,approved,[H][C@@](CC)(NC1=NC=NC2=C1N=CN2)C1=NC2=CC=CC(F)=C2C(=O)N1C1=CC=CC=C1
olodaterol,NDA,2014,olodaterol,DB09080,approved,COC1=CC=C(CC(C)(C)NC[C@H](O)C2=C3OCC(=O)NC3=CC(O)=C2)C=C1
empagliflozin,NDA,2014,empagliflozin,DB09038,approved,OC[C@H]1O[C@H]([C@H](O)[C@@H](O)[C@@H]1O)C1=CC=C(Cl)C(CC2=CC=C(O[C@H]3CCOC3)C=C2)=C1
oritavancin diphosphate,NDA,2014,oritavancin,DB04911,approved; investigational,CN[C@H](CC(C)C)C(=O)N[C@@H]1[C@H](O)C2=CC=C(OC3=C(O[C@@H]4O[C@H](CO)[C@@H](O)[C@H](O)[C@H]4O[C@H]4C[C@](C)(NCC5=CC=C(C=C5)C5=CC=C(Cl)C=C5)[C@@H](O)[C@H](C)O4)C4=CC(=C3)[C@@H](NC(=O)[C@H](CC(N)=O)NC1=O)C(=O)N[C@@H]1C3=CC(=C(O)C=C3)C3=C(O)C=C(O)C=C3[C@H](NC(=O)[C@@H](NC1=O)[C@H](O[C@H]1C[C@](C)(N)[C@@H](O)[C@H](C)O1)C1=CC(Cl)=C(O4)C=C1)C(O)=O)C(Cl)=C2
suvorexant,NDA,2014,suvorexant,DB09034,approved; investigational,[H][C@@]1(C)CCN(CCN1C(=O)C1=C(C=CC(C)=C1)N1N=CC=N1)C1=NC2=C(O1)C=CC(Cl)=C2
eliglustat,NDA,2014,eliglustat,DB09039,approved,CCCCCCCC(=O)N[C@H](CN1CCCC1)[C@H](O)C1=CC=C2OCCOC2=C1
naloxegol,NDA,2014,naloxegol,DB09049,approved,COCCOCCOCCOCCOCCOCCOCCO[C@H]1CC[C@@]2(O)[C@H]3CC4=CC=C(O)C5=C4[C@@]2(CCN3CC=C)[C@H]1O5
pirfenidone,NDA,2014,pirfenidone,DB04951,approved; investigational,CC1=CN(C(=O)C=C1)C1=CC=CC=C1
nintedanib,NDA,2014,nintedanib,DB09079,approved,COC(=O)C1=CC=C2C(NC(=O)\C2=C(/NC2=CC=C(C=C2)N(C)C(=O)CN2CCN(C)CC2)C2=CC=CC=C2)=C1
finafloxacin,NDA,2014,finafloxacin,DB09047,approved; investigational,[H][C@]12CN(C[C@]1([H])OCCN2)C1=C(F)C=C2C(=O)C(=CN(C3CC3)C2=C1C#N)C(O)=O
olaparib,NDA,2014,olaparib,DB09074,approved,FC1=CC=C(CC2=NNC(=O)C3=CC=CC=C23)C=C1C(=O)N1CCN(CC1)C(=O)C1CC1
peramivir,NDA,2014,peramivir,DB06614,approved; investigational,[H][C@@]1([C@@H](NC(C)=O)C(CC)CC)[C@H](O)[C@H](C[C@H]1NC(N)=N)C(O)=O
edoxaban tosylate,NDA,2015,edoxaban,DB09075,approved,CN(C)C(=O)[C@H]1CC[C@H](NC(=O)C(=O)NC2=NC=C(Cl)C=C2)[C@@H](C1)NC(=O)C1=NC2=C(CN(C)CC2)S1
palbociclib,NDA,2015,palbociclib,DB09073,approved; investigational,CC(=O)C1=C(C)C2=CN=C(NC3=NC=C(C=C3)N3CCNCC3)N=C2N(C2CCCC2)C1=O
lenvatinib,NDA,2015,lenvatinib,DB09078,approved; investigational,COC1=C(C=C2C(OC3=CC=C(NC(=O)NC4CC4)C(Cl)=C3)=CC=NC2=C1)C(N)=O
panobinostat,NDA,2015,panobinostat,DB06603,approved; investigational,CC1=C(CCNCC2=CC=C(\C=C\C(=O)NO)C=C2)C2=CC=CC=C2N1
isavuconazonium sulfate,NDA,2015,isavuconazonium,DB06636,approved; investigational,[H]C(C)(OC(=O)N(C)C1=C(COC(=O)CNC)C=CC=N1)[N+]1=CN(C[C@](O)(C2=C(F)C=CC(F)=C2)[C@@]([H])(C)C2=NC(=CS2)C2=CC=C(C=C2)C#N)N=C1
cholic acid,NDA,2015,cholic acid,DB02659,approved,[H][C@@](C)(CCC(O)=O)[C@@]1([H])CC[C@@]2([H])[C@]3([H])[C@]([H])(O)C[C@]4([H])C[C@]([H])(O)CC[C@]4(C)[C@@]3([H])C[C@]([H])(O)[C@]12C
ivabradine,NDA,2015,ivabradine,DB09083,approved,COC1=C(OC)C=C2[C@@H](CN(C)CCCN3CCC4=CC(OC)=C(OC)C=C4CC3=O)CC2=C1
deoxycholic acid,NDA,2015,deoxycholic acid,DB03619,approved,[H][C@@]12CC[C@H]([C@H](C)CCC(O)=O)[C@@]1(C)[C@@H](O)C[C@@]1([H])[C@@]2([H])CC[C@]2([H])C[C@H](O)CC[C@]12C
eluxadoline,NDA,2015,eluxadoline,DB09272,approved; investigational,COC1=CC=C(CN([C@@H](C)C2=NC(=CN2)C2=CC=CC=C2)C(=O)[C@@H](N)CC2=C(C)C=C(C=C2C)C(N)=O)C=C1C(O)=O
cangrelor,NDA,2015,cangrelor,DB06441,approved,CSCCNC1=C2N=CN([C@@H]3O[C@H](COP(O)(=O)OP(O)(=O)C(Cl)(Cl)P(O)(O)=O)[C@@H](O)[C@H]3O)C2=NC(SCCC(F)(F)F)=N1
brexpiprazole,NDA,2015,brexpiprazole,DB09128,approved; investigational,O=C1NC2=CC(OCCCCN3CCN(CC3)C3=C4C=CSC4=CC=C3)=CC=C2C=C1
sonidegib,NDA,2015,sonidegib,DB09143,approved; investigational,[H][C@]1(C)CN(C[C@@]([H])(C)O1)C1=CC=C(NC(=O)C2=CC=CC(=C2C)C2=CC=C(OC(F)(F)F)C=C2)C=N1
daclatasvir,NDA,2015,daclatasvir,DB09102,approved; investigational,COC(=O)N[C@@H](C(C)C)C(=O)N1CCC[C@H]1C1=NC=C(N1)C1=CC=C(C=C1)C1=CC=C(C=C1)C1=CN=C(N1)[C@@H]1CCCN1C(=O)[C@@H](NC(=O)OC)C(C)C
flibanserin,NDA,2015,flibanserin,DB04908,approved; investigational,FC(F)(F)C1=CC(=CC=C1)N1CCN(CCN2C(=O)NC3=CC=CC=C23)CC1
rolapitant,NDA,2015,rolapitant,DB09291,approved; investigational,C[C@@H](OC[C@]1(CC[C@]2(CCC(=O)N2)CN1)C1=CC=CC=C1)C1=CC(=CC(=C1)C(F)(F)F)C(F)(F)F
uridine triacetate,NDA,2015,uridine triacetate,DB09144,approved; investigational,CC(=O)OC[C@H]1O[C@H]([C@H](OC(C)=O)[C@@H]1OC(C)=O)N1C=CC(=O)NC1=O
cariprazine,NDA,2015,cariprazine,DB06016,approved; investigational,CN(C)C(=O)N[C@H]1CC[C@H](CCN2CCN(CC2)C2=C(Cl)C(Cl)=CC=C2)CC1
aripiprazole lauroxil,NDA,2015,aripiprazole lauroxil,DB14185,approved; investigational,CCCCCCCCCCCC(=O)OCN1C(=O)CCC2=CC=C(OCCCCN3CCN(CC3)C3=C(Cl)C(Cl)=CC=C3)C=C12
trabectedin,NDA,2015,trabectedin,DB05109,approved; investigational,[H][C@@]12[C@@H]3SC[C@]4(NCCC5=C4C=C(OC)C(O)=C5)C(=O)OC[C@H](N1[C@@H](O)[C@@H]1CC4=CC(C)=C(OC)C(O)=C4[C@H]2N1C)C1=C2OCOC2=C(C)C(OC(C)=O)=C31
cobimetinib,NDA,2015,cobimetinib,DB05239,approved; investigational,OC1(CN(C1)C(=O)C1=C(NC2=C(F)C=C(I)C=C2)C(F)=C(F)C=C1)[C@@H]1CCCCN1
osimertinib,NDA,2015,osimertinib,DB09330,approved,COC1=C(NC2=NC=CC(=N2)C2=CN(C)C3=C2C=CC=C3)C=C(NC(=O)C=C)C(=C1)N(C)CCN(C)C
ixazomib,NDA,2015,ixazomib,DB09570,approved; investigational,CC(C)C[C@H](NC(=O)CNC(=O)C1=CC(Cl)=CC=C1Cl)B(O)O
alectinib,NDA,2015,alectinib,DB11363,approved; investigational,CCC1=CC2=C(C=C1N1CCC(CC1)N1CCOCC1)C(C)(C)C1=C(C3=CC=C(C=C3N1)C#N)C2=O
sugammadex,NDA,2015,sugammadex,DB06206,approved,O[C@@H]1[C@@H](O)[C@@H]2O[C@H]3O[C@H](CSCCC(O)=O)[C@@H](O[C@H]4O[C@H](CSCCC(O)=O)[C@@H](O[C@H]5O[C@H](CSCCC(O)=O)[C@@H](O[C@H]6O[C@H](CSCCC(O)=O)[C@@H](O[C@H]7O[C@H](CSCCC(O)=O)[C@@H](O[C@H]8O[C@H](CSCCC(O)=O)[C@@H](O[C@H]9O[C@H](CSCCC(O)=O)[C@@H](O[C@H]1O[C@@H]2CSCCC(O)=O)[C@H](O)[C@H]9O)[C@H](O)[C@H]8O)[C@H](O)[C@H]7O)[C@H](O)[C@H]6O)[C@H](O)[C@H]5O)[C@H](O)[C@H]4O)[C@H](O)[C@H]3O
selexipag,NDA,2015,selexipag,DB11362,approved,CC(C)N(CCCCOCC(=O)NS(C)(=O)=O)C1=NC(C2=CC=CC=C2)=C(N=C1)C1=CC=CC=C1
lesinurad,NDA,2015,lesinurad,DB11560,approved; investigational,OC(=O)CSC1=NN=C(Br)N1C1=CC=C(C2CC2)C2=C1C=CC=C2
brivaracetam,NDA,2016,brivaracetam,DB05541,approved; investigational,CCC[C@H]1CN([C@@H](CC)C(N)=O)C(=O)C1
venetoclax,NDA,2016,venetoclax,DB11581,approved; investigational,CC1(C)CCC(CN2CCN(CC2)C2=CC=C(C(=O)NS(=O)(=O)C3=CC=C(NCC4CCOCC4)C(=C3)[N+]([O-])=O)C(OC3=CN=C4NC=CC4=C3)=C2)=C(C1)C1=CC=C(Cl)C=C1
pimavanserin,NDA,2016,pimavanserin,DB05316,approved; investigational,CC(C)COC1=CC=C(CNC(=O)N(CC2=CC=C(F)C=C2)C2CCN(C)CC2)C=C1
obeticholic acid,NDA,2016,obeticholic acid,DB05990,approved,[H][C@@]1(CC[C@@]2([H])[C@]3([H])[C@H](O)[C@H](CC)[C@]4([H])C[C@H](O)CC[C@]4(C)[C@@]3([H])CC[C@]12C)[C@H](C)CCC(O)=O
lifitegrast,NDA,2016,lifitegrast,DB11611,approved,CS(=O)(=O)C1=CC(C[C@H](NC(=O)C2=C(Cl)C3=C(CN(CC3)C(=O)C3=CC=C4C=COC4=C3)C=C2Cl)C(O)=O)=CC=C1
crisaborole,NDA,2016,crisaborole,DB05219,approved; investigational,OB1OCC2=C1C=CC(OC1=CC=C(C=C1)C#N)=C2
rucaparib,NDA,2016,rucaparib,DB12332,approved; investigational,CNCC1=CC=C(C=C1)C1=C2CCNC(=O)C3=C2C(N1)=CC(F)=C3
plecanatide,NDA,2017,plecanatide,DB13170,approved; investigational,[H][C@@]12CSSC[C@H](NC(=O)CNC(=O)[C@@]([H])(NC(=O)[C@]([H])(CSSC[C@H](NC(=O)[C@H](CCC(O)=O)NC(=O)[C@H](CC(O)=O)NC(=O)[C@@H](N)CC(N)=O)C(=O)N[C@@H](CCC(O)=O)C(=O)N[C@@H](CC(C)C)C(=O)N1)NC(=O)[C@H](C)NC(=O)[C@@H](NC(=O)[C@H](CC(N)=O)NC(=O)[C@@H](NC2=O)C(C)C)C(C)C)[C@@H](C)O)C(=O)N[C@@H](CC(C)C)C(O)=O
etelcalcetide,NDA,2017,etelcalcetide,DB12865,approved; investigational,C[C@@H](NC(=O)[C@@H](CCCNC(N)=N)NC(=O)[C@@H](CCCNC(N)=N)NC(=O)[C@@H](CCCNC(N)=N)NC(=O)[C@@H](C)NC(=O)[C@@H](CSSC[C@H](N)C(O)=O)NC(C)=O)C(=O)N[C@H](CCCNC(N)=N)C(N)=O
deflazacort,NDA,2017,deflazacort,DB11921,approved; investigational,[H][C@@]12C[C@@]3([H])[C@]4([H])CCC5=CC(=O)C=C[C@]5(C)[C@@]4([H])[C@@]([H])(O)C[C@]3(C)[C@@]1(N=C(C)O2)C(=O)COC(C)=O
telotristat ethyl,NDA,2017,telotristat ethyl,DB12095,approved; investigational,CCOC(=O)[C@@H](N)CC1=CC=C(C=C1)C1=NC(N)=NC(O[C@H](C2=CC=C(Cl)C=C2N2C=CC(C)=N2)C(F)(F)F)=C1
ribociclib,NDA,2017,ribociclib,DB11730,approved; investigational,CN(C)C(=O)C1=CC2=CN=C(NC3=CC=C(C=N3)N3CCNCC3)N=C2N1C1CCCC1
safinamide,NDA,2017,safinamide,DB06654,approved; investigational,C[C@H](NCC1=CC=C(OCC2=CC(F)=CC=C2)C=C1)C(N)=O
naldemedine,NDA,2017,naldemedine,DB11691,approved; investigational,[H][C@@]12OC3=C4C(C[C@@]5([H])N(CC6CC6)CC[C@@]14[C@@]5(O)CC(C(=O)NC(C)(C)C1=NC(=NO1)C1=CC=CC=C1)=C2O)=CC=C3O
niraparib,NDA,2017,niraparib,DB11793,approved; investigational,NC(=O)C1=CC=CC2=CN(N=C12)C1=CC=C(C=C1)[C@@H]1CCCNC1
deutetrabenazine,NDA,2017,deutetrabenazine,DB12161,approved; investigational,[2H]C([2H])([2H])OC1=CC2=C(C=C1OC([2H])([2H])[2H])[C@@H]1CC(=O)[C@@H](CC(C)C)CN1CC2
valbenazine,NDA,2017,valbenazine,DB11915,approved; investigational,COC1=C(OC)C=C2[C@H]3C[C@@H](OC(=O)[C@@H](N)C(C)C)[C@H](CC(C)C)CN3CCC2=C1
midostaurin,NDA,2017,midostaurin,DB06595,approved; investigational,CO[C@@H]1[C@@H](C[C@H]2O[C@]1(C)N1C3=C(C=CC=C3)C3=C1C1=C(C4=C(C=CC=C4)N21)C1=C3CNC1=O)N(C)C(=O)C1=CC=CC=C1
brigatinib,NDA,2017,brigatinib,DB12267,approved; investigational,COC1=CC(=CC=C1NC1=NC=C(Cl)C(NC2=CC=CC=C2P(C)(C)=O)=N1)N1CCC(CC1)N1CCN(C)CC1
edaravone,NDA,2017,edaravone,DB12243,approved; investigational,CC1=NN(C(=O)C1)C1=CC=CC=C1
delafloxacin,NDA,2017,delafloxacin,DB11943,approved; investigational,NC1=NC(N2C=C(C(O)=O)C(=O)C3=CC(F)=C(N4CC(O)C4)C(Cl)=C23)=C(F)C=C1F
betrixaban,NDA,2017,betrixaban,DB12364,approved; investigational,COC1=CC=C(NC(=O)C2=CC=C(C=C2)C(=N)N(C)C)C(=C1)C(=O)NC1=CC=C(Cl)C=N1
neratinib,NDA,2017,neratinib,DB11828,approved; investigational,CCOC1=C(NC(=O)\C=C\CN(C)C)C=C2C(NC3=CC=C(OCC4=CC=CC=N4)C(Cl)=C3)=C(C=NC2=C1)C#N
enasidenib,NDA,2017,enasidenib,DB13874,approved; investigational,CC(C)(O)CNC1=NC(=NC(NC2=CC(=NC=C2)C(F)(F)F)=N1)C1=NC(=CC=C1)C(F)(F)F
benznidazole,NDA,2017,benznidazole,DB11989,approved; investigational,[O-][N+](=O)C1=NC=CN1CC(=O)NCC1=CC=CC=C1
copanlisib,NDA,2017,copanlisib,DB12483,approved; investigational,COC1=C(OCCCN2CCOCC2)C=CC2=C1N=C(NC(=O)C1=CN=C(N)N=C1)N1CCN=C21
secnidazole,NDA,2017,secnidazole,DB12834,approved,CC(O)CN1C(C)=NC=C1N(=O)=O
abemaciclib,NDA,2017,abemaciclib,DB12001,approved; investigational,CCN1CCN(CC2=CC=C(NC3=NC=C(F)C(=N3)C3=CC(F)=C4N=C(C)N(C(C)C)C4=C3)N=C2)CC1
acalabrutinib,NDA,2017,acalabrutinib,DB11703,approved; investigational,CC#CC(=O)N1CCC[C@H]1C1=NC(=C2N1C=CN=C2N)C1=CC=C(C=C1)C(=O)NC1=CC=CC=N1
latanoprostene bunod,NDA,2017,latanoprostene bunod,DB11660,approved; investigational,O[C@H](CC[C@H]1[C@H](O)C[C@H](O)[C@@H]1C\C=C/CCCC(=O)OCCCCO[N+]([O-])=O)CCC1=CC=CC=C1
letermovir,NDA,2017,letermovir,DB12070,approved; investigational,COC1=CC=CC(=C1)N1CCN(CC1)C1=NC2=C(C=CC=C2F)[C@H](CC(O)=O)N1C1=CC(=CC=C1OC)C(F)(F)F
semaglutide,NDA,2017,semaglutide,DB13928,approved; investigational,CC[C@H](C)[C@H](NC(=O)[C@H](CC1=CC=CC=C1)NC(=O)[C@H](CCC(O)=O)NC(=O)[C@H](CCCCNC(=O)COCCOCCNC(=O)COCCOCCNC(=O)CC[C@@H](NC(=O)CCCCCCCCCCCCCCCCC(O)=O)C(O)=O)NC(=O)[C@H](C)NC(=O)[C@H](C)NC(=O)[C@H](CCC(N)=O)NC(=O)CNC(=O)[C@H](CCC(O)=O)NC(=O)[C@H](CC(C)C)NC(=O)[C@H](CC1=CC=C(O)C=C1)NC(=O)[C@H](CO)NC(=O)[C@H](CO)NC(=O)[C@@H](NC(=O)[C@H](CC(O)=O)NC(=O)[C@H](CO)NC(=O)[C@@H](NC(=O)[C@H](CC1=CC=CC=C1)NC(=O)[C@@H](NC(=O)CNC(=O)[C@H](CCC(O)=O)NC(=O)C(C)(C)NC(=O)[C@@H](N)CC1=CN=CN1)[C@@H](C)O)[C@@H](C)O)C(C)C)C(=O)N[C@@H](C)C(=O)N[C@@H](CC1=CNC2=C1C=CC=C2)C(=O)N[C@@H](CC(C)C)C(=O)N[C@@H](C(C)C)C(=O)N[C@@H](CCCNC(N)=N)C(=O)NCC(=O)N[C@@H](CCCNC(N)=N)C(=O)NCC(O)=O
ozenoxacin,NDA,2017,ozenoxacin,DB12924,approved; investigational,CNC1=NC=C(C=C1C)C1=CC=C2C(=O)C(=CN(C3CC3)C2=C1C)C(O)=O
netarsudil,NDA,2017,netarsudil,DB13931,approved,CC1=CC(C)=C(C=C1)C(=O)OCC1=CC=C(C=C1)[C@@H](CN)C(=O)NC1=CC=C2C=NC=CC2=C1
ertugliflozin,NDA,2017,ertugliflozin,DB11827,approved; investigational,CCOC1=CC=C(CC2=CC(=CC=C2Cl)[C@]23OC[C@](CO)(O2)[C@@H](O)[C@H](O)[C@H]3O)C=C1
macimorelin,NDA,2017,macimorelin,DB13074,approved; investigational,CC(C)(N)C(=O)N[C@H](CC1=CNC2=CC=CC=C12)C(=O)N[C@H](CC1=CNC2=CC=CC=C12)NC=O
apalutamide,NDA,2018,apalutamide,DB11901,approved; investigational,CNC(=O)C1=CC=C(C=C1F)N1C(=S)N(C(=O)C11CCC1)C1=CC(=C(N=C1)C#N)C(F)(F)F
fostamatinib disodium hexahydrate,NDA,2018,fostamatinib,DB12010,approved; investigational,COC1=CC(NC2=NC=C(F)C(NC3=NC4=C(OC(C)(C)C(=O)N4COP(O)(O)=O)C=C3)=N2)=CC(OC)=C1OC
lofexidine,NDA,2018,lofexidine,DB04948,approved; investigational,CC(OC1=C(Cl)C=CC=C1Cl)C1=NCCN1
avatrombopag,NDA,2018,avatrombopag,DB11995,approved; investigational,OC(=O)C1CCN(CC1)C1=C(Cl)C=C(C=N1)C(=O)NC1=NC(C2=CC(Cl)=CS2)=C(S1)N1CCN(CC1)C1CCCCC1
baricitinib,NDA,2018,baricitinib,DB11817,approved; investigational,CCS(=O)(=O)N1CC(CC#N)(C1)N1C=C(C=N1)C1=C2C=CNC2=NC=N1
moxidectin,NDA,2018,moxidectin,DB11431,approved; investigational; vet_approved,[H][C@@]12OC\C3=C/C=C/[C@H](C)C\C(C)=C\C[C@]4([H])C[C@@]([H])(C[C@]5(C\C(=N/OC)[C@H](C)[C@H](O5)C(\C)=C\C(C)C)O4)OC(=O)[C@]([H])(C=C(C)[C@H]1O)[C@@]23O
plazomicin,NDA,2018,plazomicin,DB12615,approved; investigational,CN[C@@H]1[C@@H](O)[C@@H](O[C@H]2[C@@H](C[C@H](N)[C@@H](O[C@H]3OC(CNCCO)=CC[C@H]3N)[C@@H]2O)NC(=O)[C@@H](O)CCN)OC[C@]1(C)O
cannabidiol,NDA,2018,cannabidiol,DB09061,approved; investigational,CCCCCC1=CC(O)=C([C@@H]2C=C(C)CC[C@H]2C(C)=C)C(O)=C1
encorafenib,NDA,2018,encorafenib,DB11718,approved; investigational,COC(=O)N[C@@H](C)CNC1=NC=CC(=N1)C1=CN(N=C1C1=CC(Cl)=CC(NS(C)(=O)=O)=C1F)C(C)C
binimetinib,NDA,2018,binimetinib,DB11967,approved; investigational,CN1C=NC2=C(F)C(NC3=CC=C(Br)C=C3F)=C(C=C12)C(=O)NOCCO
tecovirimat,NDA,2018,tecovirimat,DB12020,approved; investigational,FC(F)(F)C1=CC=C(C=C1)C(=O)NN1C(=O)[C@H]2[C@H]([C@H]3C=C[C@@H]2[C@@H]2C[C@H]32)C1=O
tafenoquine,NDA,2018,tafenoquine,DB06608,approved; investigational,COC1=CC(C)=C2C(OC3=CC=CC(=C3)C(F)(F)F)=C(OC)C=C(NC(C)CCCN)C2=N1
ivosidenib,NDA,2018,ivosidenib,DB14568,approved; investigational,[H][C@@](N(C(=O)[C@]1([H])CCC(=O)N1C1=NC=CC(=C1)C#N)C1=CC(F)=CN=C1)(C(=O)NC1CC(F)(F)C1)C1=C(Cl)C=CC=C1
elagolix,NDA,2018,elagolix,DB11979,approved; investigational,COC1=CC=CC(=C1F)C1=C(C)N(CC2=C(C=CC=C2F)C(F)(F)F)C(=O)N(C[C@H](NCCCC(O)=O)C2=CC=CC=C2)C1=O
lusutrombopag,NDA,2018,lusutrombopag,DB13125,approved; investigational,CCCCCCO[C@@H](C)C1=C(OC)C(=CC=C1)C1=CSC(NC(=O)C2=CC(Cl)=C(\C=C(/C)C(O)=O)C(Cl)=C2)=N1
migalastat,NDA,2018,migalastat,DB05018,approved; investigational,OC[C@H]1NC[C@H](O)[C@@H](O)[C@H]1O
stiripentol,NDA,2018,stiripentol,DB09118,approved,CC(C)(C)C(O)\C=C\C1=CC2=C(OCO2)C=C1
eravacycline,NDA,2018,eravacycline,DB12329,approved; investigational,[H][C@@]12CC3=C(F)C=C(NC(=O)CN4CCCC4)C(O)=C3C(=O)C1=C(O)[C@]1(O)C(=O)C(C(N)=O)=C(O)[C@@H](N(C)C)[C@]1([H])C2
doravirine,NDA,2018,doravirine,DB12301,approved; investigational,CN1C(=O)NN=C1CN1C=CC(=C(OC2=CC(=CC(Cl)=C2)C#N)C1=O)C(F)(F)F
duvelisib,NDA,2018,duvelisib,DB11952,approved; investigational,C[C@H](NC1=C2N=CNC2=NC=N1)C1=CC2=CC=CC(Cl)=C2C(=O)N1C1=CC=CC=C1
dacomitinib,NDA,2018,dacomitinib,DB11963,approved; investigational,COC1=C(NC(=O)\C=C\CN2CCCCC2)C=C2C(NC3=CC(Cl)=C(F)C=C3)=NC=NC2=C1
sarecycline,NDA,2018,sarecycline,DB12035,approved; investigational,[H][C@@]12CC3=C(CN(C)OC)C=CC(O)=C3C(=O)C1=C(O)[C@]1(O)C(=O)C(C(N)=O)=C(O)[C@@H](N(C)C)[C@]1([H])C2
omadacycline,NDA,2018,omadacycline,DB12455,approved; investigational,[H][C@@]12CC3=C(C=C(CNCC(C)(C)C)C(O)=C3C(=O)C1=C(O)[C@]1(O)C(=O)C(C(N)=O)=C(O)[C@@H](N(C)C)[C@]1([H])C2)N(C)C
talazoparib,NDA,2018,talazoparib,DB11760,approved; investigational,CN1N=CN=C1[C@@H]1[C@H](NC2=C3C1=NNC(=O)C3=CC(F)=C2)C1=CC=C(F)C=C1
baloxavir marboxil,NDA,2018,baloxavir marboxil,DB13997,approved; investigational,[H][C@@]12COCCN1C(=O)C1=C(OCOC(=O)OC)C(=O)C=CN1N2[C@H]1C2=CC=C(F)C(F)=C2CSC2=CC=CC=C12
lorlatinib,NDA,2018,lorlatinib,DB12130,approved; investigational,C[C@H]1OC2=C(N)N=CC(=C2)C2=C(C#N)N(C)N=C2CN(C)C(=O)C2=C1C=C(F)C=C2
revefenacin,NDA,2018,revefenacin,DB11855,approved; investigational,CN(CCN1CCC(CC1)OC(=O)NC1=CC=CC=C1C1=CC=CC=C1)C(=O)C1=CC=C(CN2CCC(CC2)C(N)=O)C=C1
rifamycin,NDA,2018,rifamycin,DB11753,approved; investigational,CO[C@H]1\C=C\O[C@@]2(C)OC3=C(C)C(O)=C4C(O)=C(NC(=O)\C(C)=C/C=C/[C@H](C)[C@H](O)[C@@H](C)[C@@H](O)[C@@H](C)[C@H](OC(C)=O)[C@@H]1C)C=C(O)C4=C3C2=O
glasdegib,NDA,2018,glasdegib,DB11978,approved; investigational,CN1CC[C@H](C[C@@H]1C1=NC2=CC=CC=C2N1)NC(=O)NC1=CC=C(C=C1)C#N
larotrectinib,NDA,2018,larotrectinib,DB14723,approved; investigational,O[C@H]1CCN(C1)C(=O)NC1=C2N=C(C=CN2N=C1)N1CCC[C@@H]1C1=C(F)C=CC(F)=C1
amifampridine,NDA,2018,amifampridine,DB11640,approved; investigational,NC1=CC=NC=C1N
gilteritinib,NDA,2018,gilteritinib,DB12141,approved; investigational,CCC1=C(NC2CCOCC2)N=C(NC2=CC=C(N3CCC(CC3)N3CCN(C)CC3)C(OC)=C2)C(=N1)C(N)=O
prucalopride,NDA,2018,prucalopride,DB06480,approved,COCCCN1CCC(CC1)NC(=O)C1=C2OCCC2=C(N)C(Cl)=C1
triclabendazole,NDA,2019,triclabendazole,DB12245,approved; investigational,CSC1=NC2=C(N1)C=C(Cl)C(OC1=CC=CC(Cl)=C1Cl)=C2
brexanolone,NDA,2019,brexanolone,DB11859,approved; investigational,[H][C@@]1(CC[C@@]2([H])[C@]3([H])CC[C@@]4([H])C[C@H](O)CC[C@]4(C)[C@@]3([H])CC[C@]12C)C(C)=O
solriamfetol,NDA,2019,solriamfetol,DB14754,approved,N[C@@H](COC(N)=O)CC1=CC=CC=C1
siponimod,NDA,2019,siponimod,DB12371,approved; investigational,CCC1=CC(=CC=C1CN1CC(C1)C(O)=O)C(\C)=N\OCC1=CC=C(C2CCCCC2)C(=C1)C(F)(F)F
erdafitinib,NDA,2019,erdafitinib,DB12147,approved; investigational,COC1=CC(=CC(OC)=C1)N(CCNC(C)C)C1=CC=C2N=CC(=NC2=C1)C1=CN(C)N=C1
alpelisib,NDA,2019,alpelisib,DB12015,approved; investigational,CC1=C(SC(NC(=O)N2CCC[C@H]2C(N)=O)=N1)C1=CC(=NC=C1)C(C)(C)C(F)(F)F
bremelanotide,NDA,2019,bremelanotide,DB11653,approved; investigational,CCCC[C@H](NC(C)=O)C(=O)N[C@H]1CC(=O)NCCCC[C@H](NC(=O)[C@H](CC2=CNC3=CC=CC=C23)NC(=O)[C@H](CCCNC(N)=N)NC(=O)[C@@H](CC2=CC=CC=C2)NC(=O)[C@H](CC2=CN=CN2)NC1=O)C(O)=O
selinexor,NDA,2019,selinexor,DB11942,approved; investigational,FC(F)(F)C1=CC(=CC(=C1)C1=NN(\C=C/C(=O)NNC2=NC=CN=C2)C=N1)C(F)(F)F
ferric maltol,NDA,2019,ferric maltol,DB15598,approved,[Fe+3].CC1=C([O-])C(=O)C=CO1.CC1=C([O-])C(=O)C=CO1.CC1=C([O-])C(=O)C=CO1
darolutamide,NDA,2019,darolutamide,DB12941,approved; investigational,C[C@@H](CN1C=CC(=N1)C1=CC=C(C#N)C(Cl)=C1)NC(=O)C1=NNC(=C1)C(C)O
pexidartinib,NDA,2019,pexidartinib,DB12978,approved; investigational,FC(F)(F)C1=CC=C(CNC2=NC=C(CC3=CNC4=NC=C(Cl)C=C34)C=C2)C=N1
pitolisant,NDA,2019,pitolisant,DB11642,approved; investigational,ClC1=CC=C(CCCOCCCN2CCCCC2)C=C1
pretomanid,NDA,2019,pretomanid,DB05154,approved,[O-][N+](=O)C1=CN2C[C@@H](COC2=N1)OCC1=CC=C(OC(F)(F)F)C=C1
entrectinib,NDA,2019,entrectinib,DB11986,approved; investigational,CN1CCN(CC1)C1=CC=C(C(=O)NC2=NNC3=CC=C(CC4=CC(F)=CC(F)=C4)C=C23)C(NC2CCOCC2)=C1
fedratinib,NDA,2019,fedratinib,DB12500,approved; investigational,CC1=CN=C(NC2=CC=C(OCCN3CCCC3)C=C2)N=C1NC1=CC=CC(=C1)S(=O)(=O)NC(C)(C)C
upadacitinib,NDA,2019,upadacitinib,DB15091,approved; investigational,CC[C@@H]1CN(C[C@@H]1C1=CN=C2C=NC3=C(C=CN3)N12)C(=O)NCC(F)(F)F
lefamulin,NDA,2019,lefamulin,DB12825,approved; investigational,[H][C@@]12C(=O)CC[C@]11CCC(C)[C@@]2(C)[C@@H](C[C@@](C)(C=C)[C@@H](O)[C@@H]1C)OC(=O)CS[C@@H]1CC[C@@H](N)C[C@H]1O
istradefylline,NDA,2019,istradefylline,DB11757,approved; investigational,[H]\C(=C(\[H])C1=CC(OC)=C(OC)C=C1)C1=NC2=C(N1C)C(=O)N(CC)C(=O)N2CC
tenapanor,NDA,2019,tenapanor,DB11761,approved; investigational,CN1C[C@@H](C2=CC(=CC=C2)S(=O)(=O)NCCOCCOCCNC(=O)NCCCCNC(=O)NCCOCCOCCNS(=O)(=O)C2=CC(=CC=C2)[C@@H]2CN(C)CC3=C2C=C(Cl)C=C3Cl)C2=C(C1)C(Cl)=CC(Cl)=C2
trifarotene,NDA,2019,trifarotene,DB12808,approved; investigational,CC(C)(C)C1=CC(=CC=C1N1CCCC1)C1=CC(=CC=C1OCCO)C1=CC=C(C=C1)C(O)=O
afamelanotide,NDA,2019,afamelanotide,DB04931,approved; investigational,CCCC[C@H](NC(=O)[C@H](CO)NC(=O)[C@H](CC1=CC=C(O)C=C1)NC(=O)[C@H](CO)NC(C)=O)C(=O)N[C@@H](CCC(O)=O)C(=O)N[C@@H](CC1=CN=CN1)C(=O)N[C@H](CC1=CC=CC=C1)C(=O)N[C@@H](CCCNC(N)=N)C(=O)N[C@@H](CC1=CNC2=CC=CC=C12)C(=O)NCC(=O)N[C@@H](CCCCN)C(=O)N1CCC[C@H]1C(=O)N[C@@H](C(C)C)C(N)=O
lasmiditan,NDA,2019,lasmiditan,DB11732,approved; investigational,CN1CCC(CC1)C(=O)C1=CC=CC(NC(=O)C2=C(F)C=C(F)C=C2F)=N1
zanubrutinib,NDA,2019,zanubrutinib,DB15035,approved; investigational,NC(=O)C1=C2NCC[C@@H](C3CCN(CC3)C(=O)C=C)N2N=C1C1=CC=C(OC2=CC=CC=C2)C=C1
cefiderocol,NDA,2019,cefiderocol,DB14879,approved; investigational,[H][C@]12SCC(C[N+]3(CCNC(=O)C4=C(Cl)C(O)=C(O)C=C4)CCCC3)=C(N1C(=O)[C@H]2NC(=O)C(=N/OC(C)(C)C(O)=O)\C1=CSC(N)=N1)C([O-])=O
cenobamate,NDA,2019,cenobamate,DB06119,approved; investigational,NC(=O)O[C@@H](CN1N=CN=N1)C1=C(Cl)C=CC=C1
voxelotor,NDA,2019,voxelotor,DB14975,approved; investigational,CC(C)N1N=CC=C1C1=C(COC2=CC=CC(O)=C2C=O)C=CC=N1
lumateperone,NDA,2019,lumateperone,DB06077,approved; investigational,[H][C@]12CCN(CCCC(=O)C3=CC=C(F)C=C3)C[C@@]1([H])C1=CC=CC3=C1N2CCN3C
lemborexant,NDA,2019,lemborexant,DB11951,approved; investigational,CC1=NC=C(OC[C@]2(C[C@H]2C(=O)NC2=NC=C(F)C=C2)C2=CC=CC(F)=C2)C(C)=N1
ubrogepant,NDA,2019,ubrogepant,DB15328,approved; investigational,C[C@@H]1[C@@H](C[C@H](NC(=O)C2=CN=C3C[C@]4(CC3=C2)C(=O)NC2=NC=CC=C42)C(=O)N1CC(F)(F)F)C1=CC=CC=C1
avapritinib,NDA,2020,avapritinib,DB15233,approved; investigational,CN1C=C(C=N1)C1=CN2N=CN=C(N3CCN(CC3)C3=NC=C(C=N3)[C@@](C)(N)C3=CC=C(F)C=C3)C2=C1
tazemetostat,NDA,2020,tazemetostat,DB12887,approved; investigational,CCN(C1CCOCC1)C1=C(C)C(=CC(=C1)C1=CC=C(CN2CCOCC2)C=C1)C(=O)NCC1=C(C)C=C(C)NC1=O
lactitol,NDA,2020,lactitol,DB12942,approved; investigational,OC[C@H](O)[C@@H](O)[C@H](O[C@@H]1O[C@H](CO)[C@H](O)[C@H](O)[C@H]1O)[C@H](O)CO
bempedoic acid,NDA,2020,bempedoic acid,DB11936,approved; investigational,CC(C)(CCCCCC(O)CCCCCC(C)(C)C(O)=O)C(O)=O
amisulpride,NDA,2020,amisulpride,DB06288,approved; investigational,CCN1CCCC1CNC(=O)C1=CC(=C(N)C=C1OC)S(=O)(=O)CC
rimegepant,NDA,2020,rimegepant,DB12457,approved; investigational,N[C@H]1[C@@H](CC[C@@H](OC(=O)N2CCC(CC2)N2C(=O)NC3=NC=CC=C23)C2=C1C=CC=N2)C1=C(F)C(F)=CC=C1
osilodrostat,NDA,2020,osilodrostat,DB11837,approved; investigational,FC1=C(C=CC(=C1)C#N)[C@H]1CCC2=CN=CN12
ozanimod,NDA,2020,ozanimod,DB12612,approved; investigational,CC(C)OC1=C(C=C(C=C1)C1=NC(=NO1)C1=C2CC[C@H](NCCO)C2=CC=C1)C#N
selumetinib,NDA,2020,selumetinib,DB11689,approved; investigational,CN1C=NC2=C(F)C(NC3=C(Cl)C=C(Br)C=C3)=C(C=C12)C(=O)NOCCO
pemigatinib,NDA,2020,pemigatinib,DB15102,approved; investigational,CCN1C(=O)N(CC2=CN=C3NC(CN4CCOCC4)=CC3=C12)C1=C(F)C(OC)=CC(OC)=C1F
tucatinib,NDA,2020,tucatinib,DB11652,approved; investigational,CC1=CC(NC2=NC=NC3=CC=C(NC4=NC(C)(C)CO4)C=C23)=CC=C1OC1=CC2=NC=NN2C=C1
opicapone,NDA,2020,opicapone,DB11632,approved; investigational,CC1=C(C2=NOC(=N2)C2=CC(=C(O)C(O)=C2)[N+]([O-])=O)C(Cl)=[N+]([O-])C(C)=C1Cl
capmatinib,NDA,2020,capmatinib,DB11791,approved; investigational,CNC(=O)C1=C(F)C=C(C=C1)C1=NN2C(CC3=CC4=C(C=C3)N=CC=C4)=CN=C2N=C1
selpercatinib,NDA,2020,selpercatinib,DB15685,approved; investigational,COC1=NC=C(CN2C3CC2CN(C3)C2=CC=C(C=N2)C2=CC(OCC(C)(C)O)=CN3N=CC(C#N)=C23)C=C1
ripretinib,NDA,2020,ripretinib,DB14840,approved,CCN1C(=O)C(=CC2=C1C=C(NC)N=C2)C1=C(Br)C=C(F)C(NC(=O)NC2=CC=CC=C2)=C1
artesunate,NDA,2020,artesunate,DB09274,approved; investigational,[H][C@@]12CC[C@@H](C)[C@]3([H])CC[C@@]4(C)OO[C@@]13[C@]([H])(O[C@@H](OC(=O)CCC(O)=O)[C@@H]2C)O4
lurbinectedin,NDA,2020,lurbinectedin,DB12674,approved; investigational,[H][C@@]12[C@@H]3SC[C@]4(NCCC5=C4NC4=CC=C(OC)C=C54)C(=O)OC[C@H](N1[C@@H](O)[C@@H]1CC4=CC(C)=C(OC)C(O)=C4[C@@]2([H])N1C)C1=C2OCOC2=C(C)C(OC(C)=O)=C31
triheptanoin,NDA,2020,triheptanoin,DB11677,approved; investigational,CCCCCCC(=O)OCC(COC(=O)CCCCCC)OC(=O)CCCCCC
remimazolam,NDA,2020,remimazolam,DB12404,approved; investigational,COC(=O)CC[C@@H]1N=C(C2=CC=CC=N2)C2=CC(Br)=CC=C2N2C(C)=CN=C12
fostemsavir,NDA,2020,fostemsavir,DB11796,approved; investigational,COC1=CN=C(N2C=NC(C)=N2)C2=C1C(=CN2COP(O)(O)=O)C(=O)C(=O)N1CCN(CC1)C(=O)C1=CC=CC=C1
abametapir,NDA,2020,abametapir,DB11932,approved; investigational,CC1=CC=C(N=C1)C1=CC=C(C)C=N1
nifurtimox,NDA,2020,nifurtimox,DB11820,approved; investigational,CC1CS(=O)(=O)CCN1\N=C\C1=CC=C(O1)[N+]([O-])=O
risdiplam,NDA,2020,risdiplam,DB15305,approved; investigational,CC1=CN2N=C(C=C(C)C2=N1)C1=CC(=O)N2C=C(C=CC2=N1)N1CCNC2(CC2)C1
oliceridine,NDA,2020,oliceridine,DB14881,approved; investigational,COC1=C(CNCC[C@]2(CCOC3(CCCC3)C2)C2=NC=CC=C2)SC=C1
clascoterone,NDA,2020,clascoterone,DB12499,approved; investigational,[H][C@@]12CC[C@](OC(=O)CC)(C(=O)CO)[C@@]1(C)CC[C@@]1([H])[C@@]2([H])CCC2=CC(=O)CC[C@]12C
pralsetinib,NDA,2020,pralsetinib,DB15822,approved; investigational,CO[C@]1(CC[C@@H](CC1)C1=NC(NC2=NNC(C)=C2)=CC(C)=N1)C(=O)N[C@@H](C)C1=CC=C(N=C1)N1C=C(F)C=N1
remdesivir,NDA,2020,remdesivir,DB14761,approved; investigational,CCC(CC)COC(=O)[C@H](C)N[P@](=O)(OC[C@H]1O[C@](C#N)([C@H](O)[C@@H]1O)C1=CC=C2N1N=CN=C2N)OC1=CC=CC=C1
lonafarnib,NDA,2020,lonafarnib,DB06448,approved; investigational,NC(=O)N1CCC(CC(=O)N2CCC(CC2)[C@H]2C3=C(CCC4=C2C(Br)=CC(Cl)=C4)C=C(Br)C=N3)CC1
setmelanotide,NDA,2020,setmelanotide,DB11700,approved; investigational,[H]N([H])C(=O)[C@@H]1CSSC[C@H](N([H])C(=O)[C@H](CCCN=C(N([H])[H])N([H])[H])N([H])C(C)=O)C(=O)N[C@H](C)C(=O)N[C@@H](CC2=CN=CN2[H])C(=O)N[C@H](CC2=CC=CC=C2)C(=O)N[C@@H](CCCN=C(N)N)C(=O)N[C@@H](CC2=CN([H])C3=CC=CC=C23)C(=O)N1
berotralstat,NDA,2020,berotralstat,DB15982,approved,NCC1=CC(=CC=C1)N1N=C(C=C1C(=O)NC1=CC(=CC=C1F)[C@H](NCC1CC1)C1=CC=CC(=C1)C#N)C(F)(F)F
tirbanibulin,NDA,2020,tirbanibulin,DB06137,approved; investigational,O=C(CC1=CC=C(C=N1)C1=CC=C(OCCN2CCOCC2)C=C1)NCC1=CC=CC=C1
relugolix,NDA,2020,relugolix,DB11853,approved; investigational,CONC(=O)NC1=CC=C(C=C1)C1=C(CN(C)C)C2=C(S1)N(CC1=C(F)C=CC=C1F)C(=O)N(C2=O)C1=CC=C(OC)N=N1
vibegron,NDA,2020,vibegron,DB14895,approved; investigational,[H][C@@]1(CC[C@@H](CC2=CC=C(NC(=O)[C@@H]3CCC4=NC=CC(=O)N34)C=C2)N1)[C@H](O)C1=CC=CC=C1
vericiguat,NDA,2021,vericiguat,DB15456,approved; investigational,COC(=O)NC1=C(N)N=C(N=C1N)C1=NN(CC2=CC=CC=C2F)C2=C1C=C(F)C=N2
voclosporin,NDA,2021,voclosporin,DB11693,approved; investigational,[H][C@@]1([C@H](O)[C@H](C)C\C=C\C=C)N(C)C(=O)[C@H](C(C)C)N(C)C(=O)[C@H](CC(C)C)N(C)C(=O)[C@H](CC(C)C)N(C)C(=O)[C@@H](C)NC(=O)[C@H](C)NC(=O)[C@H](CC(C)C)N(C)C(=O)[C@@H](NC(=O)[C@H](CC(C)C)N(C)C(=O)CN(C)C(=O)[C@H](CC)NC1=O)C(C)C
tepotinib,NDA,2021,tepotinib,DB15133,approved; investigational,CN1CCC(COC2=CN=C(N=C2)C2=CC(CN3N=C(C=CC3=O)C3=CC(=CC=C3)C#N)=CC=C2)CC1
umbralisib,NDA,2021,umbralisib,DB14989,approved; investigational,CC(C)OC1=C(F)C=C(C=C1)C1=NN([C@@H](C)C2=C(C3=CC=CC(F)=C3)C(=O)C3=CC(F)=CC=C3O2)C2=C1C(N)=NC=N2
trilaciclib,NDA,2021,trilaciclib,DB15442,approved; investigational,CN1CCN(CC1)C1=CN=C(NC2=NC3=C(C=C4N3C3(CCCCC3)CNC4=O)C=N2)C=C1
fosdenopterin,NDA,2021,fosdenopterin,DB16628,approved,[H][C@@]12COP(O)(=O)O[C@]1([H])C(O)(O)[C@]1([H])NC3=C(NC(N)=NC3=O)N[C@]1([H])O2
melphalan flufenamide,NDA,2021,melphalan flufenamide,DB16627,approved; withdrawn,CCOC(=O)[C@H](CC1=CC=C(F)C=C1)NC(=O)[C@@H](N)CC1=CC=C(C=C1)N(CCCl)CCCl
tivozanib,NDA,2021,tivozanib,DB11800,approved; investigational,COC1=C(OC)C=C2C(OC3=CC(Cl)=C(NC(=O)NC4=NOC(C)=C4)C=C3)=CC=NC2=C1
ponesimod,NDA,2021,ponesimod,DB12016,approved; investigational,CCC\N=C1/S\C(=C/C2=CC=C(OC[C@H](O)CO)C(Cl)=C2)C(=O)N1C1=CC=CC=C1C
viloxazine,NDA,2021,viloxazine,DB09185,approved; investigational; withdrawn,CCOC1=CC=CC=C1OCC1CNCCO1
sotorasib,NDA,2021,sotorasib,DB15569,approved; investigational,CC(C)C1=NC=CC(C)=C1N1C(=O)N=C(N2CCN(C[C@@H]2C)C(=O)C=C)C2=CC(F)=C(N=C12)C1=C(O)C=CC=C1F
infigratinib,NDA,2021,infigratinib,DB11886,approved; investigational,CCN1CCN(CC1)C1=CC=C(NC2=CC(=NC=N2)N(C)C(=O)NC2=C(Cl)C(OC)=CC(OC)=C2Cl)C=C1
ibrexafungerp,NDA,2021,ibrexafungerp,DB12471,approved; investigational,[H][C@]12CC[C@@]3([H])[C@@]4(C)COC[C@@]3(C[C@H]([C@@H]4OC[C@](C)(N)C(C)(C)C)N3N=CN=C3C3=CC=NC=C3)C1=CC[C@@]1(C)[C@H](C(O)=O)[C@](C)(CC[C@]21C)[C@H](C)C(C)C
finerenone,NDA,2021,finerenone,DB16165,approved; investigational,CCOC1=NC=C(C)C2=C1[C@H](C1=CC=C(C=C1OC)C#N)C(C(N)=O)=C(C)N2
fexinidazole,NDA,2021,fexinidazole,DB12265,approved; investigational,CSC1=CC=C(OCC2=NC=C(N2C)[N+]([O-])=O)C=C1
belumosudil,NDA,2021,belumosudil,DB16703,approved; investigational,CC(C)NC(=O)COC1=CC=CC(=C1)C1=NC2=C(C=CC=C2)C(NC2=CC=C3NN=CC3=C2)=N1
odevixibat,NDA,2021,odevixibat,DB16261,approved; investigational,CCCCC1(CCCC)CN(C2=CC=CC=C2)C2=CC(SC)=C(OCC(=O)N[C@@H](C(=O)N[C@@H](CC)C(O)=O)C3=CC=C(O)C=C3)C=C2S(=O)(=O)N1
belzutifan,NDA,2021,belzutifan,DB15463,approved; investigational,CS(=O)(=O)C1=CC=C(OC2=CC(=CC(F)=C2)C#N)C2=C1[C@H](O)[C@H](F)[C@@H]2F
difelikefalin,NDA,2021,difelikefalin,DB11938,approved; investigational,CC(C)C[C@@H](NC(=O)[C@@H](CC1=CC=CC=C1)NC(=O)[C@H](N)CC1=CC=CC=C1)C(=O)N[C@H](CCCCN)C(=O)N1CCC(N)(CC1)C(O)=O
mobocertinib,NDA,2021,mobocertinib,DB16390,approved; investigational,COC1=C(NC2=NC=C(C(=O)OC(C)C)C(=N2)C2=CN(C)C3=C2C=CC=C3)C=C(NC(=O)C=C)C(=C1)N(C)CCN(C)C
atogepant,NDA,2021,atogepant,DB16098,approved; investigational,C[C@@H]1[C@@H](C[C@H](NC(=O)C2=CN=C3C[C@]4(CC3=C2)C(=O)NC2=C4C=CC=N2)C(=O)N1CC(F)(F)F)C1=C(F)C(F)=CC=C1F
maralixibat,NDA,2021,maralixibat,DB16226,approved; investigational,CCCCC1(CCCC)CS(=O)(=O)C2=CC=C(C=C2[C@H]([C@H]1O)C1=CC=C(OCC2=CC=C(C[N+]34CCN(CC3)CC4)C=C2)C=C1)N(C)C
avacopan,NDA,2021,avacopan,DB15011,approved; investigational,CC1=CC=C(NC(=O)[C@H]2CCCN([C@H]2C2=CC=C(NC3CCCC3)C=C2)C(=O)C2=C(F)C=CC=C2C)C=C1C(F)(F)F
asciminib,NDA,2021,asciminib,DB12597,approved; investigational,O[C@@H]1CCN(C1)C1=C(C=C(C=N1)C(=O)NC1=CC=C(OC(F)(F)Cl)C=C1)C1=CC=NN1
maribavir,NDA,2021,maribavir,DB06234,approved; investigational,CC(C)NC1=NC2=CC(Cl)=C(Cl)C=C2N1[C@H]1O[C@@H](CO)[C@H](O)[C@@H]1O
pafolacianine,NDA,2021,pafolacianine,DB15413,approved; investigational,CC1(C)\C(=C/C=C2\CCCC(\C=C\C3=[N+](CCCCS(O)(=O)=O)C4=C(C=C(C=C4)S([O-])(=O)=O)C3(C)C)=C2OC2=CC=C(C[C@H](NC(=O)C3=CC=C(NCC4=CN=C5N=C(N)NC(=O)C5=N4)C=C3)C(O)=O)C=C2)N(CCCCS(O)(=O)=O)C2=C1C=C(C=C2)S(O)(=O)=O
human secretin,NDA,2004,human secretin,,,Did not work
acamprosate calcium,NDA,2004,acamprosate calcium,,,Did not work
pentetate calcium trisodium,NDA,2004,pentetate calcium,,,[Na+].[Na+].[Na+].[Ca++].[O-]C(=O)CN(CCN(CC([O-])=O)CC([O-])=O)CCN(CC([O-])=O)CC([O-])=O
pentetate zinc trisodium,NDA,2004,pentetate zinc,,,Did not work
lanthanum carbonate hydrate,NDA,2004,lanthanum carbonate hydrate,,,O.[La+3].[La+3].[O-]C([O-])=O.[O-]C([O-])=O.[O-]C([O-])=O
gadobenate dimeglumine,NDA,2004,gadobenate dimeglumine,,,[Gd+3].CNC[C@H](O)[C@@H](O)[C@H](O)[C@H](O)CO.CNC[C@H](O)[C@@H](O)[C@H](O)[C@H](O)CO.[H+].[H+].[O-]C(=O)CN(CCN(CC([O-])=O)CC([O-])=O)CCN(CC([O-])=O)C(COCc1ccccc1)C([O-])=O
trypan blue,NDA,2004,trypan blue,,,[Na+].[Na+].[Na+].[Na+].Cc1cc(ccc1N\N=C/2C(=O)c3c(N)cc(cc3C=C2[S]([O-])(=O)=O)[S]([O-])(=O)=O)c4ccc(N\N=C/5C(=O)c6c(N)cc(cc6C=C5[S]([O-])(=O)=O)[S]([O-])(=O)=O)c(C)c4
pegaptanib sodium,NDA,2004,pegaptanib,,,Did not work
clofarbine,NDA,2004,clofarbine,,,Did not work
exenatide,NDA,2005,exenatide,,,Did not work
kunecatechins,NDA,2006,kunecatechins,,,Did not work
fosaprepitant dimeglumine,NDA,2008,fosaprepitant dimeglumine,,,C[NH2+]C[C@H](O)[C@@H](O)[C@H](O)[C@H](O)CO.C[NH2+]C[C@H](O)[C@@H](O)[C@H](O)[C@H](O)CO.C[C@@H](O[C@H]1OCCN(CC2=NC(=O)N(N2)[P]([O-])([O-])=O)[C@H]1c3ccc(F)cc3)c4cc(cc(c4)C(F)(F)F)C(F)(F)F
gadoxetate disodium,NDA,2008,gadoxetate,,,[Na+].[Na+].[Gd+3].CCOc1ccc(CC(CN(CCN(CC([O-])=O)CC([O-])=O)CC([O-])=O)N(CC([O-])=O)CC([O-])=O)cc1
gadofosveset trisodium,NDA,2008,gadofosveset,,,O.[Na+].[Na+].[Na+].[Gd+3].[O-]C(=O)CN(CCN(CC([O-])=O)CC([O-])=O)C[C@H](CO[P]([O-])(=O)OC1CCC(CC1)(c2ccccc2)c3ccccc3)N(CC([O-])=O)CC([O-])=O
liraglutide,NDA,2010,liraglutide,,,Did not work
lucinactant,NDA,2012,lucinactant,,,Did not work
peginesatide,NDA,2012,peginesatide,,,Did not work
omacetaxine mepesuccinate,NDA,2012,omacetaxine,,,COC(=O)C[C@](O)(CCCC(C)(C)O)C(=O)O[C@H]1[C@H]2c3cc4OCOc4cc3CCN5CCC[C@]25C=C1OC
teduglutideÂ (rDNAÂ origin),NDA,2012,teduglutide (rDNA origin),,,Did not work
crofelemer,NDA,2012,crofelemer,DB04941,approved,Did not work
gadoterate meglumine,NDA,2013,gadoterate meglumine,,,[Gd+3].CNC[C@H](O)[C@@H](O)[C@H](O)[C@H](O)CO.OC(=O)CN1CCN(CCN(CCN(CC1)CC([O-])=O)CC([O-])=O)CC([O-])=O
dimethyl fumarate,NDA,2013,dimethyl,,,COC(=O)/C=C/C(=O)OC
dalbavancin,NDA,2014,dalbavancin,DB06219,approved; investigational,CN[C@H]1C(=O)N[C@@H]2Cc3ccc(Oc4cc5cc(Oc6ccc(cc6Cl)[C@@H](O)[C@@H]7NC(=O)[C@H](NC(=O)[C@@H]5NC(=O)[C@@H](NC2=O)c8cc(Oc9cc1ccc9O)cc(O)c8Cl)c%10ccc(O)c(c%10)c%11c(O[C@H]%12O[C@H](CO)[C@@H](O)[C@H](O)[C@@H]%12O)cc(O)cc%11[C@@H](NC7=O)C(=O)NCCCN(C)C)c4O[C@@H]%13O[C@@H]([C@@H](O)[C@H](O)[C@H]%13NC(=O)CCCCCCCCC(C)C)C(O)=O)cc3
sulfur hexafluoride lipid-type A microspheres,NDA,2014,sulfur hexafluoride lipid-type A microspheres,,,Did not work
patiromer,NDA,2015,patiromer,DB09263,approved; investigational,Did not work
defibrotide sodium,NDA,2016,defibrotide,,,Did not work
eteplirsen,NDA,2016,eteplirsen,,,Did not work
nusinersen,NDA,2016,nusinersen,,,Did not work
abaloparatide,NDA,2017,abaloparatide,,,Did not work
angiotensin II,NDA,2017,angiotensin II,,,CC[C@H](C)[C@H](NC(=O)[C@H](Cc1ccc(O)cc1)NC(=O)[C@@H](NC(=O)[C@H](CCCN=C(N)N)NC(=O)[C@@H](N)CC(O)=O)C(C)C)C(=O)N[C@@H](Cc2[nH]cnc2)C(=O)N3CCC[C@H]3C(=O)N[C@@H](Cc4ccccc4)C(O)=O
sodium zirconium cyclosilicate,NDA,2018,zirconium cyclosilicate,,,Did not work
fish oil triglycerides,NDA,2018,fish oil triglycerides,,,Did not work
patisiran,NDA,2018,patisiran,,,Did not work
inotersen,NDA,2018,inotersen,,,Did not work
tafamidis meglumine,NDA,2019,tafamidis meglumine,,,Did not work
air polymer-type A,NDA,2019,air polymer-type A,,,Did not work
givosiran,NDA,2019,givosiran,,,Did not work
golodirsen,NDA,2019,golodirsen,,,Did not work
Brilliant Blue G Ophthalmic Solution,NDA,2019,Brilliant Blue G Ophthalmic Solution,,,Did not work
viltolarsen,NDA,2020,viltolarsen,,,Did not work
lumasiran,NDA,2020,lumasiran,,,Did not work
casimersen,NDA,2021,casimersen,,,Did not work
dasiglucagon,NDA,2021,dasiglucagon,,,Did not work
pegcetacoplan,NDA,2021,pegcetacoplan,,,Did not work
vosoritide,NDA,2021,vosoritide,,,Did not work
inclisiran,NDA,2021,inclisiran,,,Did not work
